Nerd Ape Dao #0|Green mint|Light brown|Black jacket|Demon|Black beanie|Grin
Nerd Ape Dao #1|Pink|Gray|Black turtleneck|Glasses|Rose headscarf|Burger
Nerd Ape Dao #2|Green mint|Gold|Green jacket|ETH|Fastfood|Close
Nerd Ape Dao #3|Blue|Gray|Judo|Round Glasses|Rasta hat|Gold Grillz
Nerd Ape Dao #4|Light purple|White|Black vest|Glasses|Blue cap|Sneaky
Nerd Ape Dao #5|Beige|Water|Black hoodie|Red Beam|White bucket hat|Sneaky
Nerd Ape Dao #6|Red|Cream|Stripedtee|Oval|Staw hat|Pipe
Nerd Ape Dao #7|Pink|Zombie|Silverchain|Faded|Rasta hat|420
Nerd Ape Dao #8|Blue|Black|Stripedtee|Heart|Adventure hat|Pipe
Nerd Ape Dao #9|Blue|Cream|Black tee|Black Nerd|Pirate hat|Burger
Nerd Ape Dao #10|Beige|Red|Red tee|Square|Blue cap|420
Nerd Ape Dao #11|Pink|Light brown|Pirate|ETH|Propeller cap|420
Nerd Ape Dao #12|Beige|Red|Stripedtee|Fasion|Fastfood|Burger
Nerd Ape Dao #13|Green mint|Gray|White fur|Round Glasses|Demon horns|Mouchet
Nerd Ape Dao #14|Pink|Light brown|Blue vest|Oval|Propeller cap|Gum
Nerd Ape Dao #15|Red|Cream|White singlet|X|None|Smile
Nerd Ape Dao #16|Red|Robot|Flower Hawaii|Round Glasses|Fastfood|Open
Nerd Ape Dao #17|Blue|Tiger|Red tee|Black Nerd|Pirate hat|Mouchet
Nerd Ape Dao #18|Blue|Cream|Yellow shirt|Glasses|White bucket hat|Sneaky
Nerd Ape Dao #19|Yellow|Dark brown|Pirate|Oneeye|Red bob|Cigar
Nerd Ape Dao #20|Beige|Robot|Pink fur|Oneeye|Green beret|Mouchet
Nerd Ape Dao #21|Pink|White|Sheriff|Gold|Adventure hat|420
Nerd Ape Dao #22|Green mint|Pink|Black hoodie|Sleepy|White bucket hat|Tongue_out
Nerd Ape Dao #23|Yellow|Black|None|Heart|Pink beanie|Grillz
Nerd Ape Dao #24|Pink|Gray|Dark blue suit|Wide_eyes|Blue cap|Gum
Nerd Ape Dao #25|Beige|Pink|Black vest|Wide_eyes|Blue cap|Gold Grillz
Nerd Ape Dao #26|Pink|Gray|Blue vest|3D|Pirate hat|Tongue_out
Nerd Ape Dao #27|Pink|Lav|Tech jacket|White Round|Pirate hat|Close
Nerd Ape Dao #28|Blue|Pink|Tech jacket|Square|Green beret|Sneaky
Nerd Ape Dao #29|Red|Gray|Tech jacket|ETH|None|Pipe
Nerd Ape Dao #30|Beige|Light brown|White singlet|Heart|Blue cap|Smile
Nerd Ape Dao #31|Red|Black|Hawaii|3D|Demon horns|Open
Nerd Ape Dao #32|Red|Dark brown|Goldchain|Close|Black beanie|Smile
Nerd Ape Dao #33|Red|Tiger|White singlet|White Round|White bucket hat|Grin
Nerd Ape Dao #34|Blue|Black|Pink hoodie|Faded|Rasta hat|Cigarette
Nerd Ape Dao #35|Pink|Robot|Fastfood|Square|Pink bucket|Mouchet
Nerd Ape Dao #36|Pink|Gold|Yellow shirt|Oneeye|Pink beanie|Sneaky
Nerd Ape Dao #37|Yellow|White|Sheriff|Shy|Blue headscarf|Gum
Nerd Ape Dao #38|Pink|Zombie|Judo|Hearteye|Adventure hat|420
Nerd Ape Dao #39|Yellow|Light brown|Black sleeveless|Oneeye|Pink beanie|Sneaky
Nerd Ape Dao #40|Pink|Light brown|Silverchain|Sleepy|Pirate hat|Mouchet
Nerd Ape Dao #41|Pink|Robot|Green jacket|Dizzy|Green beret|Cigarette
Nerd Ape Dao #42|Light purple|Light brown|Tech jacket|3D|Demon horns|Close
Nerd Ape Dao #43|Yellow|Light brown|Pirate|Gold|Propeller cap|Smile
Nerd Ape Dao #44|Red|Water|Stripedtee|Rainbow|Gold crown|Tongue_out
Nerd Ape Dao #45|Red|Lav|Pink hoodie|Solar_beam|Staw hat|Grillz
Nerd Ape Dao #46|Green mint|Cream|Brown vest|Hearteye|Demon horns|Grin
Nerd Ape Dao #47|Red|Robot|Rasta hawaii|Hearteye|White bucket hat|Cigar
Nerd Ape Dao #48|Beige|Lav|Dark blue suit|Gold|Adventure hat|Mouchet
Nerd Ape Dao #49|Pink|Zombie|Black hoodie|White Round|Green beanie|Gold Grillz
Nerd Ape Dao #50|Red|Water|Purple hoodie|Heart|Green beret|Pipe
Nerd Ape Dao #51|Blue|Lav|Goldchain|Faded|Blue cap|Grin
Nerd Ape Dao #52|Light purple|Dark brown|Flower Hawaii|X|Staw hat|Cigar
Nerd Ape Dao #53|Yellow|Light brown|Brown coat|Round Glasses|Green beanie|Mouchet
Nerd Ape Dao #54|Green mint|Light brown|Banana hawaii|Gold|Adventure hat|Burger
Nerd Ape Dao #55|ultimate rare
Nerd Ape Dao #56|Red|Robot|Black vest|Oneeye|Cowboy hat|Close
Nerd Ape Dao #57|Green mint|Tiger|Adventure|Black Nerd|Gold crown|Burger
Nerd Ape Dao #58|Yellow|Dark brown|Dark blue suit|Rainbow|Red bob|Pipe
Nerd Ape Dao #59|Green mint|Pink|Hawaii|Gold|Adventure hat|Sneaky
Nerd Ape Dao #60|Blue|Light brown|Silverchain|Eyepatch|Apple|Cigarette
Nerd Ape Dao #61|Blue|Dark brown|Red tee|Demon|Brown camping hat|Candy
Nerd Ape Dao #62|Pink|Zombie|Silverchain|Round Glasses|Blue headscarf|Candy
Nerd Ape Dao #63|Beige|Black|White singlet|ETH|Cowboy hat|Gum
Nerd Ape Dao #64|Beige|Light brown|White fur|Heart|Blue cap|Candy
Nerd Ape Dao #65|Green mint|Red|Yellow shirt|Oval|Blue cap|Sneaky
Nerd Ape Dao #66|Red|Dark brown|White singlet|Wide_eyes|Black top hat|Gum
Nerd Ape Dao #67|Green mint|Gold|Black sleeveless|Round Glasses|Apple|Sneaky
Nerd Ape Dao #68|Pink|Dark brown|White singlet|White Round|Green beret|Burger
Nerd Ape Dao #69|Green mint|Black|Black sleeveless|Fasion|Adventure hat|Close
Nerd Ape Dao #70|Blue|White|Black tee|White Round|Black beanie|Close
Nerd Ape Dao #71|Red|Pink|Pink hoodie|Eyepatch|Demon horns|Gum
Nerd Ape Dao #72|Blue|Light brown|Black leather|Sleepy|Demon horns|Smile
Nerd Ape Dao #73|Yellow|Light brown|Goldchain|Eyepatch|Newsboy cap|Mouchet
Nerd Ape Dao #74|Red|Gold|Black jacket|Dizzy|Rasta hat|Smile
Nerd Ape Dao #75|Beige|Zombie|Black sleeveless|Demon|Adventure hat|Gum
Nerd Ape Dao #76|Blue|Robot|None|Wide_eyes|None|Grin
Nerd Ape Dao #77|Yellow|Tiger|Black jacket|Eyepatch|Newsboy cap|Grin
Nerd Ape Dao #78|Yellow|Zombie|Sheriff|Eyepatch|Gold crown|Gold Grillz
Nerd Ape Dao #79|Blue|Cream|Purple hoodie|Shy|Pink bucket|Cigar
Nerd Ape Dao #80|Beige|Tiger|Sheriff|Heart|Green beret|Burger
Nerd Ape Dao #81|Light purple|Lav|Black jacket|Square|Rasta hat|Smile
Nerd Ape Dao #82|Blue|Gold|Black jacket|Dizzy|Adventure hat|Close
Nerd Ape Dao #83|Light purple|Zombie|Hawaii|Dizzy|Cowboy hat|Gold Grillz
Nerd Ape Dao #84|Blue|Light brown|Tuxedo|Demon|Blue headscarf|Close
Nerd Ape Dao #85|Blue|Light brown|Hawaii|White Round|Cowboy hat|420
Nerd Ape Dao #86|Pink|Black|None|Wide_eyes|Staw hat|Cigarette
Nerd Ape Dao #87|Beige|Red|None|Cyberpunk|White bucket hat|Grin
Nerd Ape Dao #88|Pink|White|None|Shy|Newsboy cap|Candy
Nerd Ape Dao #89|Red|Dark brown|Blue vest|Shy|Gold hair|Tongue_out
Nerd Ape Dao #90|Light purple|Water|Brown vest|Oneeye|Propeller cap|Mouchet
Nerd Ape Dao #91|Pink|Cream|Yellow shirt|Dizzy|Rose headscarf|Gold Grillz
Nerd Ape Dao #92|Beige|Water|Tuxedo|Sleepy|Demon horns|420
Nerd Ape Dao #93|Beige|Dark brown|Hawaii|Square|Green beret|Smile
Nerd Ape Dao #94|Pink|Gray|None|Wide_eyes|Fastfood|Candy
Nerd Ape Dao #95|Green mint|Tiger|Red singlet|Red Beam|Green beret|Pipe
Nerd Ape Dao #96|Blue|Gray|Tuxedo|Gold|Demon horns|Grin
Nerd Ape Dao #97|Beige|Zombie|Rasta hawaii|Solar_beam|Rasta hat|Sneaky
Nerd Ape Dao #98|Red|Light brown|White fur|Faded|Black beanie|420
Nerd Ape Dao #99|Yellow|Cream|Goldchain|Sleepy|Green beret|Pipe
Nerd Ape Dao #100|Blue|Light brown|Red tee|Red Cat|Staw hat|420
Nerd Ape Dao #101|Green mint|Dark brown|Goldchain|Fasion|Rose headscarf|Mouchet
Nerd Ape Dao #102|Yellow|Dark brown|Brown jacket|Angry|Black top hat|Close
Nerd Ape Dao #103|Red|Black|Adventure|Fasion|Pirate hat|Grin
Nerd Ape Dao #104|Beige|Zombie|Adventure|White Round|Newsboy cap|Grin
Nerd Ape Dao #105|Light purple|Light brown|Black sleeveless|Faded|Biker helmet|Cigar
Nerd Ape Dao #106|Red|Dark brown|Red tee|Red Cat|Rose headscarf|Mouchet
Nerd Ape Dao #107|Blue|Tiger|Silverchain|Angry|Blue headscarf|Burger
Nerd Ape Dao #108|Beige|Water|Adventure|Demon|Pink beanie|Candy
Nerd Ape Dao #109|Pink|White|Overalls|Square|Pink bucket|Cigar
Nerd Ape Dao #110|Pink|Dark brown|Pink hoodie|Sleepy|White bucket hat|Mouchet
Nerd Ape Dao #111|Green mint|Dark brown|Adventure|Gold|Cowboy hat|Close
Nerd Ape Dao #112|Pink|Dark brown|Hawaii|Angry|Rasta hat|Gum
Nerd Ape Dao #113|Red|Zombie|Green jacket|ETH|Adventure hat|Tongue_out
Nerd Ape Dao #114|Yellow|Cream|Black jacket|Glasses|Gold hair|Tongue_out
Nerd Ape Dao #115|Light purple|Cream|White shirt ribbon|Red|Pink beanie|Open
Nerd Ape Dao #116|Yellow|Black|Red tee|Demon|Demon horns|Smile
Nerd Ape Dao #117|Blue|Cream|Flower Hawaii|Glasses|Fastfood|Cigar
Nerd Ape Dao #118|Pink|Black|Silverchain|Black Nerd|Black top hat|Close
Nerd Ape Dao #119|Pink|Tiger|Adventure|Demon|Adventure hat|Burger
Nerd Ape Dao #120|Pink|Gray|Sheriff|Round Glasses|Blue cap|Tongue_out
Nerd Ape Dao #121|Pink|Dark brown|Black sleeveless|Fasion|Red bob|Open
Nerd Ape Dao #122|Green mint|Light brown|Overalls|Eyepatch|Black beanie|Candy
Nerd Ape Dao #123|Blue|Black|Hawaii|Oval|Red bob|Gold Grillz
Nerd Ape Dao #124|Red|Dark brown|Silverchain|Glasses|Adventure hat|Smile
Nerd Ape Dao #125|Light purple|Cream|Hawaii|Sleepy|Fastfood|Smile
Nerd Ape Dao #126|Green mint|Black|Goldchain|Cyberpunk|Green beanie|Grillz
Nerd Ape Dao #127|Light purple|Black|Adventure|Wide_eyes|None|Mouchet
Nerd Ape Dao #128|Blue|Black|Tuxedo|Oval|Fastfood|Close
Nerd Ape Dao #129|Yellow|Gold|Pirate|Cyberpunk|Rose headscarf|Close
Nerd Ape Dao #130|Red|Gold|None|Oneeye|Black top hat|Open
Nerd Ape Dao #131|Blue|Gold|Pirate|Red Beam|Gold crown|Gold Grillz
Nerd Ape Dao #132|Blue|Pink|White shirt ribbon|Rainbow|Green beret|Burger
Nerd Ape Dao #133|Green mint|Tiger|Silverchain|Close|Green beret|Open
Nerd Ape Dao #134|Pink|Light brown|Goldchain|3D|Black beanie|Smile
Nerd Ape Dao #135|Beige|White|Hawaii|Shy|Rose headscarf|Cigar
Nerd Ape Dao #136|Light purple|Dark brown|Green jacket|Glasses|Propeller cap|Cigarette
Nerd Ape Dao #137|Red|Tiger|Rasta hawaii|Close|Rasta hat|420
Nerd Ape Dao #138|Green mint|Red|Fastfood|Gold|Staw hat|Candy
Nerd Ape Dao #139|Pink|Water|White singlet|Faded|Pirate hat|Open
Nerd Ape Dao #140|Pink|Black|Fastfood|ETH|Blue headscarf|Mouchet
Nerd Ape Dao #141|Light purple|Water|Hawaii|Close|Demon horns|Cigar
Nerd Ape Dao #142|Light purple|Red|White shirt ribbon|Eyepatch|Brown camping hat|420
Nerd Ape Dao #143|Blue|Cream|White fur|Demon|Green beret|Burger
Nerd Ape Dao #144|Yellow|Black|Adventure|Sleepy|Black beanie|Candy
Nerd Ape Dao #145|Green mint|Black|Green jacket|Shy|White bucket hat|Mouchet
Nerd Ape Dao #146|Blue|Light brown|Overalls|Heart|Black top hat|Cigar
Nerd Ape Dao #147|Green mint|White|Black leather|Cyberpunk|White bucket hat|Gold Grillz
Nerd Ape Dao #148|Beige|Cream|Rasta hawaii|Heart|Apple|Candy
Nerd Ape Dao #149|Gray|Pink|Lab|Square|Blue cap|Burger
Nerd Ape Dao #150|Beige|Dark brown|Black jacket|Red Cat|Staw hat|Close
Nerd Ape Dao #151|Light green|Cream|Blue vest|White Round|Staw hat|Burger
Nerd Ape Dao #152|Green mint|Zombie|Purple hoodie|3D|Newsboy cap|Pipe
Nerd Ape Dao #153|Yellow|Tiger|Black vest|Round Glasses|Pink bucket|Pipe
Nerd Ape Dao #154|Blue|Cream|White shirt ribbon|Fasion|Green beret|Mouchet
Nerd Ape Dao #155|Red|Dark brown|Dark blue suit|Sleepy|Newsboy cap|Gold Grillz
Nerd Ape Dao #156|Blue|Light brown|Brown vest|Heart|Propeller cap|Cigarette
Nerd Ape Dao #157|Beige|Gold|Red tee|Red|Gold crown|Grin
Nerd Ape Dao #158|Beige|Black|Black sleeveless|Glasses|Newsboy cap|Gold Grillz
Nerd Ape Dao #159|Beige|White|Overalls|Cyberpunk|White bucket hat|Smile
Nerd Ape Dao #160|Beige|Gold|Brown coat|Faded|Green beret|420
Nerd Ape Dao #161|Red|Light brown|Black vest|Red Cat|Blue headscarf|Grin
Nerd Ape Dao #162|Light purple|Cream|Pink hoodie|Oneeye|Gold crown|Smile
Nerd Ape Dao #163|Pink|Robot|Lab|Eyepatch|Staw hat|420
Nerd Ape Dao #164|Blue|Black|Yellow shirt|Square|Rasta hat|Open
Nerd Ape Dao #165|Pink|Pink|Black suit|Rainbow|Newsboy cap|Mouchet
Nerd Ape Dao #166|Light purple|Gold|Lab|Dizzy|Biker helmet|Smile
Nerd Ape Dao #167|Light purple|Robot|Stripedtee|Gold|Adventure hat|Candy
Nerd Ape Dao #168|Light purple|Cream|Black sleeveless|Square|Biker helmet|Grin
Nerd Ape Dao #169|Pink|Cream|Hawaii|3D|Pink bucket|420
Nerd Ape Dao #170|Pink|Robot|Purple hoodie|X|Propeller cap|Close
Nerd Ape Dao #171|Yellow|Water|Adventure|Glasses|Gold hair|Candy
Nerd Ape Dao #172|Pink|Cream|Tech jacket|Oval|Black beanie|Grillz
Nerd Ape Dao #173|Yellow|Dark brown|Pink hoodie|Shy|White bucket hat|Open
Nerd Ape Dao #174|Pink|Water|Black jacket|Oval|Staw hat|Smile
Nerd Ape Dao #175|Blue|Light brown|White fur|Black Nerd|Brown camping hat|Smile
Nerd Ape Dao #176|Red|Lav|Yellow shirt|Wide_eyes|Black top hat|Smile
Nerd Ape Dao #177|Beige|Gray|Silverchain|Oval|Fastfood|Pipe
Nerd Ape Dao #178|Pink|Water|Black sleeveless|Wide_eyes|Green beanie|Tongue_out
Nerd Ape Dao #179|Blue|Water|Green jacket|3D|White bucket hat|Candy
Nerd Ape Dao #180|Pink|Robot|Green jacket|Square|Blue cap|Sneaky
Nerd Ape Dao #181|Green mint|Water|Goldchain|Black Nerd|Pink beanie|Tongue_out
Nerd Ape Dao #182|Green mint|Tiger|Rasta hawaii|Red Beam|Apple|Cigarette
Nerd Ape Dao #183|Green mint|Black|Fastfood|Oneeye|Adventure hat|Grin
Nerd Ape Dao #184|Green mint|Robot|Pirate|Square|Biker helmet|Burger
Nerd Ape Dao #185|Pink|Robot|White singlet|Demon|Blue cap|Burger
Nerd Ape Dao #186|Blue|Lav|Black tee|Oneeye|Pink bucket|420
Nerd Ape Dao #187|Blue|Cream|Hawaii|Red Cat|White bucket hat|Gum
Nerd Ape Dao #188|Pink|Light brown|Purple hoodie|Gold|Fastfood|Close
Nerd Ape Dao #189|Beige|Robot|Blue vest|3D|Adventure hat|Gum
Nerd Ape Dao #190|Green mint|Black|Goldchain|Oval|Pink beanie|Burger
Nerd Ape Dao #191|Light purple|White|Tuxedo|Dizzy|Gold hair|Sneaky
Nerd Ape Dao #192|Pink|Red|Black leather|Close|Red bob|Close
Nerd Ape Dao #193|Beige|Red|Adventure|3D|Propeller cap|Burger
Nerd Ape Dao #194|Red|Lav|Black tee|Angry|Blue headscarf|Cigarette
Nerd Ape Dao #195|Pink|Black|White singlet|Wide_eyes|Gold hair|Cigarette
Nerd Ape Dao #196|Blue|Light brown|Goldchain|Faded|Demon horns|Pipe
Nerd Ape Dao #197|Yellow|White|Hawaii|Round Glasses|Staw hat|Candy
Nerd Ape Dao #198|Pink|White|Goldchain|3D|Newsboy cap|Open
Nerd Ape Dao #199|Beige|Dark brown|Pink fur|3D|Blue headscarf|Tongue_out
Nerd Ape Dao #200|Light purple|Gold|Dark blue suit|Half Robot|Newsboy cap|Cigarette
Nerd Ape Dao #201|Blue|Tiger|Black hoodie|Hearteye|Cowboy hat|Open
Nerd Ape Dao #202|Yellow|Dark brown|Purple hoodie|X|Blue cap|Pipe
Nerd Ape Dao #203|Pink|Tiger|Judo|Black Nerd|Adventure hat|Grin
Nerd Ape Dao #204|Beige|Water|Judo|Eyepatch|Red bob|Sneaky
Nerd Ape Dao #205|Light purple|Dark brown|Black vest|Black Nerd|Cowboy hat|Cigarette
Nerd Ape Dao #206|Red|White|Red tee|White Round|Green beanie|Mouchet
Nerd Ape Dao #207|Red|Robot|Fastfood|Round Glasses|Gold hair|Pipe
Nerd Ape Dao #208|Pink|White|Purple hoodie|Fasion|Gold hair|Grin
Nerd Ape Dao #209|Light green|Robot|Tuxedo|Demon|Green beanie|Smile
Nerd Ape Dao #210|Light purple|Zombie|Blue vest|Round Glasses|Black beanie|420
Nerd Ape Dao #211|Red|White|Brown coat|Cyberpunk|Fastfood|Tongue_out
Nerd Ape Dao #212|Yellow|Cream|Overalls|Red Beam|Adventure hat|420
Nerd Ape Dao #213|Beige|Black|Adventure|Gold|Rose headscarf|Cigar
Nerd Ape Dao #214|Light purple|Robot|Black hoodie|Cyberpunk|Apple|Cigarette
Nerd Ape Dao #215|Blue|Pink|None|Sleepy|None|Tongue_out
Nerd Ape Dao #216|Pink|Robot|Red tee|3D|Adventure hat|Gum
Nerd Ape Dao #217|Blue|Dark brown|Black leather|Glasses|Cowboy hat|Gum
Nerd Ape Dao #218|Light purple|White|Green jacket|Close|Staw hat|Tongue_out
Nerd Ape Dao #219|Light purple|Zombie|Dark blue suit|Fasion|Newsboy cap|Grin
Nerd Ape Dao #220|Yellow|Cream|Tuxedo|Wide_eyes|Black top hat|420
Nerd Ape Dao #221|Yellow|Tiger|None|Demon|Pink beanie|Cigarette
Nerd Ape Dao #222|Green mint|Light brown|Yellow shirt|Round Glasses|Newsboy cap|Smile
Nerd Ape Dao #223|Beige|Cream|Stripedtee|Square|Cowboy hat|Pipe
Nerd Ape Dao #224|Green mint|Gray|Dark blue suit|Angry|Gold crown|Candy
Nerd Ape Dao #225|Blue|Gold|Black leather|Oneeye|White bucket hat|Gold Grillz
Nerd Ape Dao #226|Red|Dark brown|None|Cyberpunk|Red bob|Mouchet
Nerd Ape Dao #227|Blue|Pink|Overalls|Faded|Blue cap|Mouchet
Nerd Ape Dao #228|Blue|Cream|Adventure|X|Newsboy cap|Cigarette
Nerd Ape Dao #229|Yellow|Cream|Brown jacket|Heart|Propeller cap|Grillz
Nerd Ape Dao #230|Pink|White|Brown jacket|Heart|Pink beanie|Tongue_out
Nerd Ape Dao #231|Light purple|Gold|Green jacket|Oval|Blue cap|Grin
Nerd Ape Dao #232|Green mint|Cream|None|Close|Gold hair|Grin
Nerd Ape Dao #233|Yellow|Tiger|Tuxedo|Red|Newsboy cap|Pipe
Nerd Ape Dao #234|Pink|Dark brown|Red singlet|White Round|Gold hair|Cigarette
Nerd Ape Dao #235|Pink|Dark brown|Pink hoodie|Wide_eyes|Pink beanie|420
Nerd Ape Dao #236|Blue|Gray|Brown vest|Gold|Adventure hat|Tongue_out
Nerd Ape Dao #237|Red|White|Goldchain|3D|Newsboy cap|Close
Nerd Ape Dao #238|Light purple|Pink|Rasta hawaii|White Round|Fastfood|Open
Nerd Ape Dao #239|Pink|Robot|Black tee|X|Cowboy hat|Smile
Nerd Ape Dao #240|Green mint|White|None|Fasion|Pirate hat|Mouchet
Nerd Ape Dao #241|Beige|Dark brown|Black jacket|Oval|Pink beanie|Cigarette
Nerd Ape Dao #242|Pink|Cream|Goldchain|Eyepatch|Green beret|Sneaky
Nerd Ape Dao #243|Red|Light brown|Red singlet|Fasion|Green beret|Tongue_out
Nerd Ape Dao #244|Beige|Dark brown|Purple hoodie|Oval|Apple|Gold Grillz
Nerd Ape Dao #245|Yellow|White|Adventure|Faded|Biker helmet|Smile
Nerd Ape Dao #246|Beige|Gray|Red singlet|Cyberpunk|Newsboy cap|Burger
Nerd Ape Dao #247|Red|Black|Black tee|Gold|Black top hat|Close
Nerd Ape Dao #248|Red|Cream|White singlet|Square|Pink bucket|Candy
Nerd Ape Dao #249|Beige|Red|Tuxedo|Eyepatch|Red bob|Smile
Nerd Ape Dao #250|Yellow|Cream|Black suit|Close|Blue cap|420
Nerd Ape Dao #251|Pink|Water|Brown coat|Heart|Cowboy hat|Sneaky
Nerd Ape Dao #252|Yellow|Black|Black sleeveless|White Round|Newsboy cap|Open
Nerd Ape Dao #253|Blue|Dark brown|Brown coat|Round Glasses|Adventure hat|Sneaky
Nerd Ape Dao #254|Pink|Red|Red singlet|Close|Rose headscarf|Pipe
Nerd Ape Dao #255|Yellow|Red|Banana hawaii|Black Nerd|Adventure hat|Candy
Nerd Ape Dao #256|Pink|Pink|Pink hoodie|White Round|Apple|Tongue_out
Nerd Ape Dao #257|Pink|Cream|Fastfood|Red Beam|Rasta hat|Grin
Nerd Ape Dao #258|Beige|Light brown|Lab|Glasses|Cowboy hat|Sneaky
Nerd Ape Dao #259|Pink|Cream|Black vest|Half Robot|Staw hat|Cigarette
Nerd Ape Dao #260|Green mint|Light brown|Pirate|Shy|Biker helmet|Sneaky
Nerd Ape Dao #261|Green mint|Robot|Red singlet|Dizzy|None|Smile
Nerd Ape Dao #262|Yellow|Pink|Judo|Angry|Green beret|Cigarette
Nerd Ape Dao #263|Pink|Black|Adventure|Solar_beam|Demon horns|Burger
Nerd Ape Dao #264|Yellow|Cream|Black sleeveless|Eyepatch|Cowboy hat|Candy
Nerd Ape Dao #265|Green mint|Black|Black sleeveless|Gold|Adventure hat|Pipe
Nerd Ape Dao #266|Light purple|Pink|Blue vest|3D|Green beret|Candy
Nerd Ape Dao #267|Light purple|Black|Flower Hawaii|Close|Black beanie|Cigar
Nerd Ape Dao #268|Yellow|Dark brown|Tuxedo|Sleepy|Newsboy cap|Cigarette
Nerd Ape Dao #269|Blue|Dark brown|Red tee|Heart|Cowboy hat|Candy
Nerd Ape Dao #270|Beige|Tiger|Pink fur|Glasses|Staw hat|Pipe
Nerd Ape Dao #271|Beige|Dark brown|Black tee|Shy|Pirate hat|Burger
Nerd Ape Dao #272|Beige|Cream|Pirate|Fasion|Black beanie|Tongue_out
Nerd Ape Dao #273|Pink|Robot|Yellow shirt|Close|Apple|420
Nerd Ape Dao #274|Yellow|Robot|Brown vest|White Round|Pink beanie|Mouchet
Nerd Ape Dao #275|Light purple|Cream|Red singlet|Oneeye|Black top hat|Gold Grillz
Nerd Ape Dao #276|Light purple|Dark brown|Sheriff|Heart|None|Grin
Nerd Ape Dao #277|Light green|Red|Black tee|Hearteye|Fastfood|Tongue_out
Nerd Ape Dao #278|Blue|White|Brown vest|Round Glasses|Adventure hat|Close
Nerd Ape Dao #279|Pink|Light brown|Goldchain|ETH|Newsboy cap|Pipe
Nerd Ape Dao #280|Blue|Robot|Hawaii|Fasion|Blue cap|Grillz
Nerd Ape Dao #281|ultimate rare
Nerd Ape Dao #282|Green mint|Light brown|Adventure|Hearteye|Blue cap|Candy
Nerd Ape Dao #283|Gray|Pink|Black hoodie|Black Nerd|Rose headscarf|Candy
Nerd Ape Dao #284|Pink|Dark brown|Black jacket|Gold|Rose headscarf|Sneaky
Nerd Ape Dao #285|Light purple|Cream|Brown vest|Hearteye|Pink bucket|Cigarette
Nerd Ape Dao #286|Green mint|Water|Overalls|Wide_eyes|Blue headscarf|Pipe
Nerd Ape Dao #287|Green mint|Gold|Pirate|Heart|Green beanie|Grin
Nerd Ape Dao #288|Light purple|White|Black tee|Sleepy|Rose headscarf|Burger
Nerd Ape Dao #289|Beige|Dark brown|Banana hawaii|Square|Biker helmet|Pipe
Nerd Ape Dao #290|Beige|Tiger|Flower Hawaii|Cyberpunk|Gold hair|Sneaky
Nerd Ape Dao #291|Beige|Pink|Hawaii|Square|Pink beanie|Burger
Nerd Ape Dao #292|Red|Water|Lab|X|Biker helmet|Burger
Nerd Ape Dao #293|Red|Zombie|Fastfood|Eyepatch|Newsboy cap|Grin
Nerd Ape Dao #294|Light purple|White|Black jacket|Glasses|Pink bucket|Mouchet
Nerd Ape Dao #295|Blue|Dark brown|Black tee|Dizzy|Pink beanie|Cigar
Nerd Ape Dao #296|Blue|Light brown|Fastfood|Faded|Green beret|Grin
Nerd Ape Dao #297|Green mint|Zombie|Black leather|Faded|None|Open
Nerd Ape Dao #298|Beige|Dark brown|Hawaii|Faded|Propeller cap|Gold Grillz
Nerd Ape Dao #299|Pink|Light brown|None|Oval|Green beret|Cigar
Nerd Ape Dao #300|Green mint|White|Purple hoodie|Round Glasses|Biker helmet|Open
Nerd Ape Dao #301|Light green|Robot|None|X|Biker helmet|Sneaky
Nerd Ape Dao #302|Pink|Red|Silverchain|Fasion|Rose headscarf|420
Nerd Ape Dao #303|Light purple|Zombie|Dark blue suit|Sleepy|Blue cap|Pipe
Nerd Ape Dao #304|Beige|White|Yellow shirt|Shy|Fastfood|Cigarette
Nerd Ape Dao #305|Light purple|Gray|Red tee|Solar_beam|Red bob|Gold Grillz
Nerd Ape Dao #306|Beige|Gold|White shirt ribbon|Glasses|Blue cap|Close
Nerd Ape Dao #307|Red|Dark brown|Green jacket|Close|Blue headscarf|Grillz
Nerd Ape Dao #308|Yellow|Zombie|Hawaii|Hearteye|Red bob|Smile
Nerd Ape Dao #309|Blue|Gold|Goldchain|Wide_eyes|Adventure hat|Sneaky
Nerd Ape Dao #310|Light purple|Gold|Yellow shirt|Close|Adventure hat|Smile
Nerd Ape Dao #311|Green mint|Tiger|Brown coat|Dizzy|Pirate hat|Gold Grillz
Nerd Ape Dao #312|Red|White|Pirate|Square|Black top hat|Candy
Nerd Ape Dao #313|Beige|White|Hawaii|Square|Black top hat|Pipe
Nerd Ape Dao #314|Pink|Dark brown|Fastfood|Eyepatch|Cowboy hat|Mouchet
Nerd Ape Dao #315|Light purple|Lav|Dark blue suit|Faded|Blue cap|Open
Nerd Ape Dao #316|Beige|Pink|Black turtleneck|Fasion|Blue headscarf|420
Nerd Ape Dao #317|Red|White|Tuxedo|Heart|Blue headscarf|Open
Nerd Ape Dao #318|Beige|Robot|Pink hoodie|Faded|Black beanie|Gold Grillz
Nerd Ape Dao #319|Yellow|Cream|Dark blue suit|Heart|White bucket hat|Tongue_out
Nerd Ape Dao #320|Light purple|Cream|None|Angry|Pirate hat|Candy
Nerd Ape Dao #321|Beige|Red|Adventure|White Round|Green beret|Grillz
Nerd Ape Dao #322|Yellow|White|Fastfood|Oval|Fastfood|Close
Nerd Ape Dao #323|Blue|Pink|Black sleeveless|Square|Pink beanie|Sneaky
Nerd Ape Dao #324|Red|Dark brown|Silverchain|Sleepy|Cowboy hat|Burger
Nerd Ape Dao #325|Beige|Cream|Tuxedo|Eyepatch|White bucket hat|Pipe
Nerd Ape Dao #326|Yellow|Robot|Stripedtee|Eyepatch|Staw hat|Open
Nerd Ape Dao #327|Red|White|Hawaii|Fasion|Rose headscarf|Grillz
Nerd Ape Dao #328|Red|White|Purple hoodie|Faded|Fastfood|Pipe
Nerd Ape Dao #329|Red|Lav|Pink hoodie|Demon|Rose headscarf|Pipe
Nerd Ape Dao #330|Yellow|Light brown|Sheriff|3D|Blue cap|Grin
Nerd Ape Dao #331|Yellow|Black|Brown coat|Square|Apple|Close
Nerd Ape Dao #332|Red|Tiger|Tuxedo|Wide_eyes|None|Cigarette
Nerd Ape Dao #333|Yellow|Dark brown|Hawaii|Shy|Propeller cap|Gum
Nerd Ape Dao #334|Pink|Gold|Sheriff|Angry|Red bob|Tongue_out
Nerd Ape Dao #335|Yellow|Light brown|Black turtleneck|Sleepy|White bucket hat|Close
Nerd Ape Dao #336|Red|Dark brown|Silverchain|Shy|Biker helmet|Sneaky
Nerd Ape Dao #337|Yellow|Black|None|Sleepy|None|Close
Nerd Ape Dao #338|Light purple|Pink|White singlet|Hearteye|Staw hat|Burger
Nerd Ape Dao #339|Gray|Cream|Sheriff|X|Gold hair|Sneaky
Nerd Ape Dao #340|Green mint|Gray|Purple hoodie|X|Gold hair|Mouchet
Nerd Ape Dao #341|Green mint|White|Black jacket|ETH|Red bob|Sneaky
Nerd Ape Dao #342|Green mint|Lav|Black leather|Half Robot|Pirate hat|Grillz
Nerd Ape Dao #343|Yellow|Water|Sheriff|Red Cat|Green beanie|Gold Grillz
Nerd Ape Dao #344|Light purple|White|Pirate|Faded|Pirate hat|Candy
Nerd Ape Dao #345|Red|Black|Purple hoodie|White Round|Demon horns|Gold Grillz
Nerd Ape Dao #346|Beige|Cream|Adventure|Black Nerd|Green beret|Candy
Nerd Ape Dao #347|Blue|Gold|Brown jacket|Dizzy|Red bob|Pipe
Nerd Ape Dao #348|Beige|White|Red singlet|Heart|Apple|Smile
Nerd Ape Dao #349|Red|Lav|Silverchain|Angry|Rasta hat|420
Nerd Ape Dao #350|Light purple|Pink|Black sleeveless|Round Glasses|Pink bucket|Burger
Nerd Ape Dao #351|Yellow|Red|Judo|X|Green beanie|Tongue_out
Nerd Ape Dao #352|Beige|Red|Stripedtee|Oval|Rose headscarf|Gum
Nerd Ape Dao #353|Blue|Pink|Black jacket|3D|Green beanie|420
Nerd Ape Dao #354|Pink|Light brown|Overalls|Black Nerd|Staw hat|Cigar
Nerd Ape Dao #355|Green mint|Dark brown|Black leather|Faded|Staw hat|Grillz
Nerd Ape Dao #356|Red|Dark brown|Judo|Oneeye|Rasta hat|Smile
Nerd Ape Dao #357|Yellow|Pink|Black leather|Close|Red bob|Candy
Nerd Ape Dao #358|Blue|White|Pink fur|Oval|Propeller cap|Gold Grillz
Nerd Ape Dao #359|Yellow|Robot|Purple hoodie|Gold|Gold hair|Open
Nerd Ape Dao #360|Light purple|White|White singlet|X|Apple|Gum
Nerd Ape Dao #361|Yellow|Tiger|Black jacket|White Round|Pink beanie|Pipe
Nerd Ape Dao #362|Red|Gray|Brown jacket|Glasses|Rasta hat|Tongue_out
Nerd Ape Dao #363|Green mint|Tiger|White shirt ribbon|Demon|Blue headscarf|Cigar
Nerd Ape Dao #364|Blue|Black|White fur|Fasion|Propeller cap|Sneaky
Nerd Ape Dao #365|Pink|Black|Pink hoodie|Red Cat|Apple|Tongue_out
Nerd Ape Dao #366|Light green|Tiger|Black hoodie|Shy|Blue cap|Sneaky
Nerd Ape Dao #367|Beige|Dark brown|Dark blue suit|Dizzy|Gold hair|420
Nerd Ape Dao #368|Green mint|Gold|Judo|Black Nerd|Pirate hat|Grin
Nerd Ape Dao #369|Red|White|Black tee|Oneeye|Black top hat|Tongue_out
Nerd Ape Dao #370|Beige|Light brown|Red tee|3D|Adventure hat|Mouchet
Nerd Ape Dao #371|Pink|Black|Hawaii|Red Cat|Black beanie|Candy
Nerd Ape Dao #372|Light purple|Tiger|Black sleeveless|Red Cat|Green beret|Burger
Nerd Ape Dao #373|Red|Lav|Brown vest|Cyberpunk|Blue cap|Open
Nerd Ape Dao #374|Red|White|White singlet|Round Glasses|Staw hat|Grillz
Nerd Ape Dao #375|Green mint|Gray|Brown coat|Fasion|Blue headscarf|Cigarette
Nerd Ape Dao #376|Blue|Cream|White fur|Black Nerd|Gold crown|Tongue_out
Nerd Ape Dao #377|Light purple|Pink|None|Half Robot|Cowboy hat|Smile
Nerd Ape Dao #378|Beige|Gray|Brown vest|Red|Cowboy hat|Burger
Nerd Ape Dao #379|Yellow|Water|Rasta hawaii|Cyberpunk|Blue cap|Grin
Nerd Ape Dao #380|Blue|Zombie|Brown coat|Wide_eyes|Fastfood|Burger
Nerd Ape Dao #381|Yellow|White|Tuxedo|Oval|Fastfood|Gum
Nerd Ape Dao #382|Blue|Pink|Black jacket|Close|Black top hat|Mouchet
Nerd Ape Dao #383|Gray|Tiger|Dark blue suit|Glasses|Green beret|Grin
Nerd Ape Dao #384|Beige|Tiger|Judo|Close|Newsboy cap|Grin
Nerd Ape Dao #385|Yellow|Cream|Purple hoodie|Solar_beam|Rose headscarf|Tongue_out
Nerd Ape Dao #386|Yellow|Pink|Yellow shirt|Eyepatch|Demon horns|Sneaky
Nerd Ape Dao #387|Light purple|Robot|Purple hoodie|Gold|Black beanie|Pipe
Nerd Ape Dao #388|Red|Zombie|Brown coat|Red|Blue cap|Candy
Nerd Ape Dao #389|Green mint|Gray|Black leather|Dizzy|Black beanie|Smile
Nerd Ape Dao #390|Beige|Light brown|Pink fur|X|Apple|Grillz
Nerd Ape Dao #391|Blue|White|Brown jacket|Dizzy|Gold hair|420
Nerd Ape Dao #392|Yellow|Light brown|Purple hoodie|Solar_beam|Pink bucket|420
Nerd Ape Dao #393|Pink|Tiger|Black sleeveless|3D|Green beret|Close
Nerd Ape Dao #394|Green mint|Light brown|White fur|Oval|Black top hat|Smile
Nerd Ape Dao #395|Beige|Robot|Green jacket|3D|Pirate hat|Cigar
Nerd Ape Dao #396|Beige|Pink|White singlet|Red Cat|Demon horns|Smile
Nerd Ape Dao #397|Green mint|Gold|Brown jacket|Oneeye|Apple|Mouchet
Nerd Ape Dao #398|Yellow|Black|Yellow shirt|3D|Cowboy hat|Pipe
Nerd Ape Dao #399|Light purple|Cream|Silverchain|Heart|Black top hat|Cigar
Nerd Ape Dao #400|Beige|Black|Pink fur|Wide_eyes|Staw hat|Candy
Nerd Ape Dao #401|Blue|Red|Banana hawaii|Eyepatch|Propeller cap|Close
Nerd Ape Dao #402|Blue|Lav|Pink fur|Dizzy|Pirate hat|420
Nerd Ape Dao #403|Beige|Cream|Pink fur|Black Nerd|Staw hat|Mouchet
Nerd Ape Dao #404|Beige|Gray|Brown vest|Dizzy|Red bob|Pipe
Nerd Ape Dao #405|Beige|Robot|Silverchain|3D|Rose headscarf|Sneaky
Nerd Ape Dao #406|Red|Black|Tuxedo|Solar_beam|Fastfood|420
Nerd Ape Dao #407|Green mint|Red|Flower Hawaii|Heart|Green beret|Open
Nerd Ape Dao #408|Red|Black|Goldchain|Red Cat|Gold hair|Smile
Nerd Ape Dao #409|Light green|Red|Black leather|Sleepy|Pink bucket|420
Nerd Ape Dao #410|Green mint|Robot|Hawaii|Wide_eyes|Apple|Pipe
Nerd Ape Dao #411|Blue|White|Black suit|Heart|Rose headscarf|Gum
Nerd Ape Dao #412|Red|White|Black sleeveless|Faded|Blue cap|Open
Nerd Ape Dao #413|Yellow|Light brown|Black jacket|Shy|Apple|Cigarette
Nerd Ape Dao #414|Yellow|Zombie|Tuxedo|Heart|Newsboy cap|Close
Nerd Ape Dao #415|Blue|Dark brown|Tuxedo|Faded|Black top hat|Cigar
Nerd Ape Dao #416|Pink|Robot|White fur|Cyberpunk|Staw hat|Grin
Nerd Ape Dao #417|Blue|Robot|Sheriff|Red Cat|Cowboy hat|Burger
Nerd Ape Dao #418|Pink|Light brown|White fur|Angry|Pink beanie|Smile
Nerd Ape Dao #419|Yellow|Light brown|Goldchain|Glasses|Demon horns|Open
Nerd Ape Dao #420|Blue|Robot|Pink fur|Angry|Pink beanie|Gold Grillz
Nerd Ape Dao #421|Red|Gold|White fur|Faded|Biker helmet|Burger
Nerd Ape Dao #422|Pink|Water|Black suit|Sleepy|Red bob|Pipe
Nerd Ape Dao #423|Yellow|Red|Overalls|Eyepatch|Fastfood|Tongue_out
Nerd Ape Dao #424|Green mint|Zombie|Black sleeveless|Rainbow|Rasta hat|Grin
Nerd Ape Dao #425|Beige|Cream|Black leather|Black Nerd|Pink bucket|Grin
Nerd Ape Dao #426|Yellow|Dark brown|Black hoodie|Heart|Newsboy cap|Candy
Nerd Ape Dao #427|Pink|Cream|Hawaii|Red Cat|Adventure hat|Grin
Nerd Ape Dao #428|Blue|Robot|Black suit|Dizzy|Gold crown|Pipe
Nerd Ape Dao #429|Blue|Robot|Green jacket|Faded|Cowboy hat|Grin
Nerd Ape Dao #430|Yellow|White|Black tee|Demon|Blue cap|Grin
Nerd Ape Dao #431|Gray|Cream|White fur|Heart|Blue headscarf|Gum
Nerd Ape Dao #432|Light purple|Red|Yellow shirt|X|Fastfood|Mouchet
Nerd Ape Dao #433|Pink|Light brown|Overalls|Hearteye|Pink beanie|Close
Nerd Ape Dao #434|Blue|Dark brown|White shirt ribbon|Sleepy|Gold crown|Open
Nerd Ape Dao #435|Green mint|Black|None|Cyberpunk|Staw hat|Pipe
Nerd Ape Dao #436|Beige|Black|Red tee|Sleepy|Green beret|Cigar
Nerd Ape Dao #437|Red|Light brown|Tuxedo|3D|Green beanie|Candy
Nerd Ape Dao #438|Beige|Dark brown|Rasta hawaii|Rainbow|Staw hat|Smile
Nerd Ape Dao #439|Pink|Black|White fur|Red Cat|Gold crown|Gum
Nerd Ape Dao #440|Green mint|Dark brown|Yellow shirt|Black Nerd|Rose headscarf|Smile
Nerd Ape Dao #441|Light purple|Gold|White fur|X|Blue headscarf|Cigarette
Nerd Ape Dao #442|Blue|Red|Rasta hawaii|Square|Rasta hat|Gum
Nerd Ape Dao #443|Light purple|Dark brown|Fastfood|Angry|Black top hat|Gold Grillz
Nerd Ape Dao #444|Blue|Dark brown|Brown jacket|Fasion|Red bob|Tongue_out
Nerd Ape Dao #445|Blue|Light brown|Hawaii|3D|Blue headscarf|Cigar
Nerd Ape Dao #446|Pink|Black|Overalls|White Round|Apple|Gum
Nerd Ape Dao #447|Red|Cream|White singlet|Oval|Pink bucket|Open
Nerd Ape Dao #448|Yellow|Red|White singlet|Dizzy|Adventure hat|Candy
Nerd Ape Dao #449|Red|Water|Brown vest|Oval|Newsboy cap|Candy
Nerd Ape Dao #450|Green mint|Water|Dark blue suit|Oneeye|Pink bucket|Burger
Nerd Ape Dao #451|Green mint|Light brown|Banana hawaii|Oval|Blue cap|Sneaky
Nerd Ape Dao #452|Yellow|Gray|Dark blue suit|Round Glasses|Biker helmet|Burger
Nerd Ape Dao #453|Green mint|Black|None|Glasses|Cowboy hat|420
Nerd Ape Dao #454|Green mint|Pink|Black sleeveless|Cyberpunk|Fastfood|Grin
Nerd Ape Dao #455|Green mint|Dark brown|Yellow shirt|Red Cat|Green beret|Grillz
Nerd Ape Dao #456|Red|Black|Hawaii|Cyberpunk|Blue cap|Candy
Nerd Ape Dao #457|Beige|White|Black suit|Round Glasses|Gold crown|Sneaky
Nerd Ape Dao #458|Yellow|Gray|Blue vest|Gold|Black top hat|Cigar
Nerd Ape Dao #459|Light purple|Light brown|Stripedtee|Eyepatch|Staw hat|Pipe
Nerd Ape Dao #460|Red|Gray|White singlet|Heart|Black beanie|Smile
Nerd Ape Dao #461|Beige|Gold|Rasta hawaii|Red|Green beret|Close
Nerd Ape Dao #462|Yellow|White|Hawaii|Red Beam|Newsboy cap|Sneaky
Nerd Ape Dao #463|Yellow|White|White singlet|Fasion|Pink beanie|Burger
Nerd Ape Dao #464|Pink|Gray|Pirate|Heart|Apple|Tongue_out
Nerd Ape Dao #465|Pink|Tiger|Hawaii|3D|Adventure hat|Smile
Nerd Ape Dao #466|Yellow|Robot|Pink fur|X|Pink bucket|Cigar
Nerd Ape Dao #467|Beige|Lav|Black turtleneck|Oval|Pink bucket|Open
Nerd Ape Dao #468|Blue|Light brown|Pink hoodie|Fasion|Green beret|Candy
Nerd Ape Dao #469|Light purple|Tiger|Purple hoodie|Angry|Biker helmet|Grin
Nerd Ape Dao #470|Light purple|Water|Black vest|Fasion|Cowboy hat|Candy
Nerd Ape Dao #471|Green mint|Black|White singlet|Rainbow|Newsboy cap|Candy
Nerd Ape Dao #472|Yellow|Gray|White fur|Gold|Blue cap|Open
Nerd Ape Dao #473|Green mint|Gray|Black tee|Dizzy|Apple|Candy
Nerd Ape Dao #474|Yellow|White|Tech jacket|Square|Apple|Candy
Nerd Ape Dao #475|Light purple|Cream|Overalls|Black Nerd|Pink beanie|Grillz
Nerd Ape Dao #476|Yellow|Dark brown|Hawaii|Red Beam|White bucket hat|Cigar
Nerd Ape Dao #477|Yellow|Robot|Black hoodie|Round Glasses|Green beret|Cigarette
Nerd Ape Dao #478|Beige|Dark brown|Black vest|Faded|Adventure hat|Smile
Nerd Ape Dao #479|Yellow|Black|Sheriff|Cyberpunk|Cowboy hat|Pipe
Nerd Ape Dao #480|Red|Robot|Black leather|Shy|Apple|Mouchet
Nerd Ape Dao #481|Red|Cream|Red singlet|Dizzy|White bucket hat|Close
Nerd Ape Dao #482|Yellow|Red|Pink hoodie|Black Nerd|Newsboy cap|Pipe
Nerd Ape Dao #483|Blue|Water|Lab|Heart|Pink beanie|Mouchet
Nerd Ape Dao #484|Pink|Gold|Silverchain|Cyberpunk|Biker helmet|Smile
Nerd Ape Dao #485|Beige|Light brown|Dark blue suit|X|Rasta hat|Tongue_out
Nerd Ape Dao #486|Green mint|Black|Red singlet|Shy|None|Sneaky
Nerd Ape Dao #487|Beige|White|Silverchain|Angry|Newsboy cap|Smile
Nerd Ape Dao #488|Gray|Black|White shirt ribbon|Solar_beam|Biker helmet|Tongue_out
Nerd Ape Dao #489|Pink|Tiger|Tuxedo|Demon|Rose headscarf|Cigar
Nerd Ape Dao #490|Yellow|White|White shirt ribbon|Dizzy|Green beret|Open
Nerd Ape Dao #491|Yellow|Gold|White shirt ribbon|Heart|Black beanie|Sneaky
Nerd Ape Dao #492|Blue|Robot|White fur|White Round|None|Sneaky
Nerd Ape Dao #493|Pink|Black|Fastfood|Rainbow|Biker helmet|Open
Nerd Ape Dao #494|Beige|Gold|Rasta hawaii|Demon|Gold hair|420
Nerd Ape Dao #495|Green mint|Gold|Black turtleneck|Rainbow|Green beret|Candy
Nerd Ape Dao #496|Light purple|Robot|Overalls|Oneeye|Pink beanie|Burger
Nerd Ape Dao #497|Blue|Cream|Dark blue suit|Oneeye|Propeller cap|Grillz
Nerd Ape Dao #498|Beige|Red|Rasta hawaii|Cyberpunk|Gold hair|420
Nerd Ape Dao #499|Beige|Red|Red tee|Round Glasses|Blue headscarf|Pipe
Nerd Ape Dao #500|Gray|Robot|Green jacket|Red|Green beret|Close
Nerd Ape Dao #501|Yellow|Water|Adventure|White Round|Adventure hat|Mouchet
Nerd Ape Dao #502|Green mint|Black|Pink hoodie|Eyepatch|Green beanie|Close
Nerd Ape Dao #503|Red|Dark brown|Black suit|White Round|Blue headscarf|Mouchet
Nerd Ape Dao #504|Green mint|Robot|Stripedtee|Oneeye|White bucket hat|Mouchet
Nerd Ape Dao #505|Beige|White|Silverchain|Shy|Red bob|Smile
Nerd Ape Dao #506|Pink|Gold|Dark blue suit|Sleepy|Green beret|420
Nerd Ape Dao #507|Red|White|Black hoodie|Red Cat|Adventure hat|Close
Nerd Ape Dao #508|Gray|Light brown|Stripedtee|Sleepy|Staw hat|Mouchet
Nerd Ape Dao #509|Beige|Gold|Black leather|Black Nerd|Blue headscarf|Tongue_out
Nerd Ape Dao #510|Red|Water|Black leather|Close|Black beanie|Smile
Nerd Ape Dao #511|Beige|Cream|Green jacket|Oneeye|Green beret|Grin
Nerd Ape Dao #512|Yellow|Dark brown|Yellow shirt|X|Pink bucket|Grin
Nerd Ape Dao #513|Red|Light brown|Purple hoodie|Red Beam|Biker helmet|Open
Nerd Ape Dao #514|Blue|Gold|Silverchain|Oneeye|Propeller cap|Cigar
Nerd Ape Dao #515|Light purple|Lav|Black sleeveless|White Round|Demon horns|420
Nerd Ape Dao #516|Light purple|White|Sheriff|Oval|Fastfood|Burger
Nerd Ape Dao #517|Beige|Cream|White shirt ribbon|Red Cat|Red bob|Grillz
Nerd Ape Dao #518|Beige|Robot|Black jacket|Round Glasses|Cowboy hat|Pipe
Nerd Ape Dao #519|Blue|Red|Purple hoodie|ETH|Propeller cap|Candy
Nerd Ape Dao #520|Yellow|Pink|Goldchain|Solar_beam|Cowboy hat|Smile
Nerd Ape Dao #521|Pink|Robot|Dark blue suit|Cyberpunk|Staw hat|Pipe
Nerd Ape Dao #522|Pink|Black|Red tee|Wide_eyes|Red bob|Grin
Nerd Ape Dao #523|Pink|White|Red tee|Cyberpunk|Rose headscarf|Mouchet
Nerd Ape Dao #524|Red|Pink|White singlet|Red|Demon horns|Smile
Nerd Ape Dao #525|Beige|Dark brown|Goldchain|3D|Biker helmet|Grin
Nerd Ape Dao #526|Pink|Water|Tuxedo|Oneeye|Staw hat|Smile
Nerd Ape Dao #527|Blue|White|Black turtleneck|Red Cat|Biker helmet|Gum
Nerd Ape Dao #528|Beige|Light brown|Black leather|3D|White bucket hat|Mouchet
Nerd Ape Dao #529|Blue|Robot|Red tee|Gold|Apple|Cigarette
Nerd Ape Dao #530|Green mint|Cream|Goldchain|Cyberpunk|Gold crown|Smile
Nerd Ape Dao #531|Green mint|Red|Dark blue suit|White Round|Newsboy cap|Burger
Nerd Ape Dao #532|Yellow|Cream|Flower Hawaii|Faded|Rasta hat|Close
Nerd Ape Dao #533|Blue|Water|Red singlet|3D|Gold crown|Candy
Nerd Ape Dao #534|Light purple|White|Black suit|Heart|Blue cap|Open
Nerd Ape Dao #535|Beige|Cream|Black hoodie|Shy|Black top hat|Cigar
Nerd Ape Dao #536|Beige|Water|Stripedtee|Faded|White bucket hat|Sneaky
Nerd Ape Dao #537|Beige|Water|Pirate|Solar_beam|Black beanie|Cigarette
Nerd Ape Dao #538|Red|Pink|White singlet|Dizzy|Pink beanie|Candy
Nerd Ape Dao #539|Red|Cream|Pink fur|Close|Black beanie|Cigarette
Nerd Ape Dao #540|Beige|Black|Green jacket|Oval|Cowboy hat|Pipe
Nerd Ape Dao #541|Yellow|Dark brown|Blue vest|Sleepy|Cowboy hat|Candy
Nerd Ape Dao #542|Red|Light brown|Black vest|Close|Rose headscarf|Grillz
Nerd Ape Dao #543|Yellow|Black|Pink fur|Faded|Black top hat|Pipe
Nerd Ape Dao #544|Green mint|Dark brown|White shirt ribbon|Eyepatch|Gold hair|Grin
Nerd Ape Dao #545|Blue|Gray|Green jacket|White Round|Cowboy hat|Sneaky
Nerd Ape Dao #546|Green mint|Gray|White fur|Glasses|Black top hat|Grin
Nerd Ape Dao #547|Green mint|Gold|Overalls|Glasses|Green beanie|Candy
Nerd Ape Dao #548|Beige|Pink|Tech jacket|Square|Pink bucket|Close
Nerd Ape Dao #549|Green mint|Dark brown|Black tee|Demon|Rose headscarf|Grillz
Nerd Ape Dao #550|Beige|Light brown|Pink fur|Fasion|Adventure hat|Gold Grillz
Nerd Ape Dao #551|Red|Water|Yellow shirt|Glasses|Apple|Cigar
Nerd Ape Dao #552|Yellow|White|Black hoodie|Faded|Blue headscarf|Cigarette
Nerd Ape Dao #553|Red|Black|Blue vest|Black Nerd|None|Candy
Nerd Ape Dao #554|Light purple|Black|Banana hawaii|Cyberpunk|Black beanie|Candy
Nerd Ape Dao #555|Blue|Dark brown|White fur|Eyepatch|Green beanie|Grin
Nerd Ape Dao #556|Green mint|Lav|Red tee|Faded|Black beanie|Tongue_out
Nerd Ape Dao #557|Blue|Water|Brown jacket|Red|Rasta hat|Candy
Nerd Ape Dao #558|Light purple|White|Sheriff|3D|Apple|Mouchet
Nerd Ape Dao #559|Pink|Light brown|Black sleeveless|Sleepy|Red bob|Close
Nerd Ape Dao #560|Green mint|Gray|Judo|3D|Rasta hat|Smile
Nerd Ape Dao #561|Blue|Cream|Silverchain|Glasses|Adventure hat|Mouchet
Nerd Ape Dao #562|Light purple|White|Red singlet|Red Cat|White bucket hat|Cigarette
Nerd Ape Dao #563|Pink|Cream|None|Oneeye|Black top hat|Grin
Nerd Ape Dao #564|Red|Dark brown|Purple hoodie|Shy|Newsboy cap|Open
Nerd Ape Dao #565|Yellow|Black|Black tee|Eyepatch|Black beanie|Cigarette
Nerd Ape Dao #566|Blue|Gold|Black jacket|Dizzy|White bucket hat|Smile
Nerd Ape Dao #567|Beige|Water|None|Demon|Red bob|Gold Grillz
Nerd Ape Dao #568|Beige|Light brown|Judo|Oval|Adventure hat|420
Nerd Ape Dao #569|Beige|Cream|Black tee|White Round|Propeller cap|Gum
Nerd Ape Dao #570|Red|Black|Brown vest|Oval|Adventure hat|Mouchet
Nerd Ape Dao #571|Yellow|Light brown|White singlet|Rainbow|Fastfood|Candy
Nerd Ape Dao #572|Blue|Light brown|Sheriff|Dizzy|Fastfood|Grin
Nerd Ape Dao #573|Green mint|Zombie|None|Red Cat|Pink bucket|Close
Nerd Ape Dao #574|Red|Black|Brown coat|Round Glasses|Black beanie|Close
Nerd Ape Dao #575|Light purple|Light brown|White fur|Square|Propeller cap|Cigarette
Nerd Ape Dao #576|Yellow|Dark brown|Brown coat|Red Cat|Gold hair|Grin
Nerd Ape Dao #577|Green mint|Black|Adventure|Red|Brown camping hat|Tongue_out
Nerd Ape Dao #578|Blue|Cream|Black leather|Demon|Gold hair|Gold Grillz
Nerd Ape Dao #579|Red|Dark brown|Adventure|X|Blue cap|Cigar
Nerd Ape Dao #580|Pink|Cream|Overalls|Oneeye|Demon horns|Pipe
Nerd Ape Dao #581|Beige|Black|Black tee|Angry|Biker helmet|Candy
Nerd Ape Dao #582|Pink|Dark brown|Pink hoodie|Square|Adventure hat|Cigar
Nerd Ape Dao #583|Green mint|Pink|Adventure|3D|Black top hat|Grin
Nerd Ape Dao #584|Beige|Dark brown|Green jacket|White Round|Black beanie|Cigar
Nerd Ape Dao #585|Beige|Cream|Tuxedo|White Round|Green beanie|Tongue_out
Nerd Ape Dao #586|Green mint|Lav|Brown coat|Heart|Biker helmet|Mouchet
Nerd Ape Dao #587|Beige|Lav|Black suit|Sleepy|Rose headscarf|Candy
Nerd Ape Dao #588|Light purple|Dark brown|Black tee|Heart|White bucket hat|Tongue_out
Nerd Ape Dao #589|Yellow|Light brown|Silverchain|Dizzy|Apple|Grin
Nerd Ape Dao #590|Yellow|Cream|White singlet|Sleepy|Biker helmet|Close
Nerd Ape Dao #591|Green mint|Black|None|Fasion|Black top hat|Gum
Nerd Ape Dao #592|Blue|Light brown|Tech jacket|White Round|White bucket hat|420
Nerd Ape Dao #593|Blue|Black|Silverchain|Dizzy|Demon horns|Grillz
Nerd Ape Dao #594|Red|Cream|White singlet|Glasses|Gold hair|Close
Nerd Ape Dao #595|Pink|Cream|None|Fasion|Apple|Burger
Nerd Ape Dao #596|Yellow|Zombie|Adventure|Hearteye|Newsboy cap|Mouchet
Nerd Ape Dao #597|Beige|Gold|Red singlet|Red Cat|None|Mouchet
Nerd Ape Dao #598|Green mint|Cream|White fur|Wide_eyes|White bucket hat|Close
Nerd Ape Dao #599|Green mint|Dark brown|Purple hoodie|Square|Biker helmet|Tongue_out
Nerd Ape Dao #600|Light purple|Dark brown|Purple hoodie|Cyberpunk|Pink beanie|Gold Grillz
Nerd Ape Dao #601|Red|Pink|Pink hoodie|Square|Gold crown|420
Nerd Ape Dao #602|Yellow|Cream|None|Hearteye|Adventure hat|Candy
Nerd Ape Dao #603|Light purple|Robot|Red singlet|Eyepatch|Gold hair|Tongue_out
Nerd Ape Dao #604|Blue|Cream|Pink hoodie|Oneeye|Newsboy cap|Burger
Nerd Ape Dao #605|Yellow|Pink|Tuxedo|Wide_eyes|White bucket hat|Grin
Nerd Ape Dao #606|Yellow|Tiger|Fastfood|White Round|Green beanie|Smile
Nerd Ape Dao #607|Yellow|Cream|Tech jacket|Cyberpunk|Red bob|Sneaky
Nerd Ape Dao #608|Yellow|Dark brown|Red singlet|Red Cat|Red bob|Smile
Nerd Ape Dao #609|Yellow|Robot|Overalls|Oval|Black top hat|Grin
Nerd Ape Dao #610|Red|Cream|Yellow shirt|Heart|Blue cap|Sneaky
Nerd Ape Dao #611|Light purple|Light brown|Red singlet|Square|Fastfood|Mouchet
Nerd Ape Dao #612|Red|White|Black tee|Sleepy|Newsboy cap|Smile
Nerd Ape Dao #613|Green mint|Dark brown|White singlet|Dizzy|Green beret|420
Nerd Ape Dao #614|Red|Dark brown|White singlet|Hearteye|Pirate hat|Sneaky
Nerd Ape Dao #615|Beige|Pink|Pink fur|Cyberpunk|Blue cap|Grin
Nerd Ape Dao #616|Light purple|Black|Black tee|Oneeye|Rose headscarf|Tongue_out
Nerd Ape Dao #617|Pink|Cream|Adventure|Red Cat|None|Burger
Nerd Ape Dao #618|Pink|Water|Yellow shirt|Fasion|Pirate hat|Cigar
Nerd Ape Dao #619|Beige|Gray|White singlet|ETH|Brown camping hat|Smile
Nerd Ape Dao #620|Red|Light brown|None|Dizzy|White bucket hat|Gum
Nerd Ape Dao #621|Beige|Black|Purple hoodie|Gold|Rose headscarf|Tongue_out
Nerd Ape Dao #622|Blue|Gold|Red tee|Shy|Adventure hat|Cigarette
Nerd Ape Dao #623|Light purple|Water|Overalls|Cyberpunk|Black beanie|Pipe
Nerd Ape Dao #624|Yellow|Black|White shirt ribbon|Heart|Rose headscarf|Close
Nerd Ape Dao #625|Pink|White|None|Red|Blue cap|Burger
Nerd Ape Dao #626|Red|Zombie|Judo|Dizzy|Rasta hat|Gum
Nerd Ape Dao #627|Beige|Gray|Purple hoodie|White Round|Black beanie|Cigarette
Nerd Ape Dao #628|Blue|Gray|Yellow shirt|Round Glasses|Blue headscarf|Grin
Nerd Ape Dao #629|Blue|Gray|Overalls|Sleepy|Cowboy hat|Grin
Nerd Ape Dao #630|Blue|Zombie|Adventure|ETH|Cowboy hat|Sneaky
Nerd Ape Dao #631|Beige|Tiger|Hawaii|Shy|Cowboy hat|Cigar
Nerd Ape Dao #632|Red|Cream|Red singlet|Solar_beam|White bucket hat|Close
Nerd Ape Dao #633|Yellow|Robot|Black suit|Sleepy|Red bob|Tongue_out
Nerd Ape Dao #634|Green mint|Tiger|Flower Hawaii|Faded|Black beanie|Grin
Nerd Ape Dao #635|Pink|Red|None|Wide_eyes|Black top hat|Close
Nerd Ape Dao #636|Green mint|Zombie|Pirate|Fasion|Blue headscarf|Grillz
Nerd Ape Dao #637|Green mint|Light brown|Black vest|Eyepatch|Green beret|Open
Nerd Ape Dao #638|Yellow|Dark brown|Dark blue suit|Sleepy|Blue cap|Smile
Nerd Ape Dao #639|Green mint|Light brown|White fur|Hearteye|Red bob|Cigarette
Nerd Ape Dao #640|Yellow|Gray|Black jacket|Dizzy|Green beret|Grillz
Nerd Ape Dao #641|Green mint|Gray|White singlet|3D|Rose headscarf|Cigar
Nerd Ape Dao #642|Light purple|Cream|Tuxedo|3D|Staw hat|Grin
Nerd Ape Dao #643|Blue|Cream|Yellow shirt|Fasion|Newsboy cap|Gum
Nerd Ape Dao #644|Red|Light brown|Black sleeveless|Dizzy|Cowboy hat|Candy
Nerd Ape Dao #645|Red|Dark brown|Lab|Dizzy|Black top hat|Cigar
Nerd Ape Dao #646|Yellow|Red|Purple hoodie|Oval|Propeller cap|Gold Grillz
Nerd Ape Dao #647|Red|White|Tech jacket|Black Nerd|Adventure hat|Cigar
Nerd Ape Dao #648|Blue|Dark brown|Banana hawaii|Black Nerd|Blue cap|Mouchet
Nerd Ape Dao #649|ultimate rare
Nerd Ape Dao #650|Green mint|Robot|Black jacket|Close|White bucket hat|Grin
Nerd Ape Dao #651|Pink|Black|Blue vest|White Round|Biker helmet|Grin
Nerd Ape Dao #652|Light purple|Cream|Hawaii|Sleepy|Cowboy hat|Burger
Nerd Ape Dao #653|Red|Lav|Stripedtee|White Round|Green beanie|Grin
Nerd Ape Dao #654|Blue|White|Black hoodie|Faded|Green beanie|Tongue_out
Nerd Ape Dao #655|Light purple|Light brown|Pirate|Angry|Pirate hat|Smile
Nerd Ape Dao #656|Pink|Dark brown|Red tee|Red Beam|Adventure hat|Gum
Nerd Ape Dao #657|Yellow|Zombie|Stripedtee|Close|Newsboy cap|420
Nerd Ape Dao #658|Beige|Black|Rasta hawaii|Cyberpunk|Green beret|Cigar
Nerd Ape Dao #659|Light purple|Robot|Dark blue suit|Cyberpunk|Red bob|Cigar
Nerd Ape Dao #660|Green mint|Dark brown|Red tee|Round Glasses|Green beanie|Grin
Nerd Ape Dao #661|Light green|White|Flower Hawaii|Square|Staw hat|Close
Nerd Ape Dao #662|Pink|Light brown|Pink hoodie|Sleepy|Gold hair|Cigarette
Nerd Ape Dao #663|Blue|Gray|Black jacket|Close|Black top hat|Pipe
Nerd Ape Dao #664|Pink|White|Silverchain|Red Beam|Blue cap|Burger
Nerd Ape Dao #665|Yellow|Dark brown|Black sleeveless|Shy|Rasta hat|Burger
Nerd Ape Dao #666|Blue|Zombie|Brown jacket|Wide_eyes|Rose headscarf|Gum
Nerd Ape Dao #667|Light purple|Pink|Tuxedo|Red|Newsboy cap|Grillz
Nerd Ape Dao #668|Light purple|Black|Black hoodie|Faded|Apple|Close
Nerd Ape Dao #669|Green mint|Light brown|Tech jacket|Demon|Adventure hat|Pipe
Nerd Ape Dao #670|Green mint|White|Overalls|Hearteye|White bucket hat|Gold Grillz
Nerd Ape Dao #671|Beige|White|Adventure|Square|Pirate hat|Smile
Nerd Ape Dao #672|Light purple|Gold|Flower Hawaii|ETH|Pink beanie|Pipe
Nerd Ape Dao #673|Green mint|Light brown|Adventure|Round Glasses|Gold hair|Candy
Nerd Ape Dao #674|Green mint|Tiger|White fur|X|Green beret|Burger
Nerd Ape Dao #675|Blue|Black|Black suit|Fasion|Gold crown|Grillz
Nerd Ape Dao #676|Red|Tiger|Black tee|Black Nerd|Black beanie|Close
Nerd Ape Dao #677|Yellow|Light brown|Black hoodie|Close|Demon horns|Gold Grillz
Nerd Ape Dao #678|Green mint|Gold|Sheriff|White Round|Pink bucket|Open
Nerd Ape Dao #679|Light purple|Black|Fastfood|Black Nerd|Blue cap|Cigar
Nerd Ape Dao #680|Light purple|White|None|Close|Pink beanie|Cigarette
Nerd Ape Dao #681|Pink|Dark brown|Rasta hawaii|Black Nerd|Propeller cap|Mouchet
Nerd Ape Dao #682|Yellow|Pink|Adventure|Close|Pink beanie|Gold Grillz
Nerd Ape Dao #683|Green mint|Cream|Red singlet|Square|Staw hat|Tongue_out
Nerd Ape Dao #684|Blue|White|Red tee|3D|Blue cap|Smile
Nerd Ape Dao #685|Blue|Zombie|Brown vest|White Round|Pirate hat|420
Nerd Ape Dao #686|Pink|Gray|Red singlet|Fasion|Rose headscarf|Tongue_out
Nerd Ape Dao #687|Pink|Black|Tuxedo|Black Nerd|Biker helmet|Gold Grillz
Nerd Ape Dao #688|Beige|Light brown|Yellow shirt|Fasion|Demon horns|Grin
Nerd Ape Dao #689|Red|Robot|Black vest|Gold|White bucket hat|Cigarette
Nerd Ape Dao #690|Beige|Tiger|Flower Hawaii|Eyepatch|Blue cap|Gold Grillz
Nerd Ape Dao #691|Green mint|Black|Blue vest|Cyberpunk|Cowboy hat|Smile
Nerd Ape Dao #692|Pink|Gold|Adventure|Black Nerd|Blue cap|Mouchet
Nerd Ape Dao #693|Yellow|Light brown|Black vest|ETH|Blue cap|Mouchet
Nerd Ape Dao #694|Light purple|White|Goldchain|Faded|Staw hat|Smile
Nerd Ape Dao #695|Yellow|Light brown|Hawaii|Heart|Propeller cap|Burger
Nerd Ape Dao #696|Blue|Water|Blue vest|ETH|Blue cap|Grin
Nerd Ape Dao #697|Green mint|Light brown|None|Hearteye|Gold hair|Tongue_out
Nerd Ape Dao #698|Light purple|Black|White singlet|Cyberpunk|Gold hair|Tongue_out
Nerd Ape Dao #699|Green mint|Black|Black jacket|Red|Rose headscarf|Mouchet
Nerd Ape Dao #700|Yellow|Dark brown|Brown coat|Gold|Rose headscarf|Grin
Nerd Ape Dao #701|Green mint|Gold|Pirate|Faded|Blue cap|Mouchet
Nerd Ape Dao #702|Beige|Water|Red tee|Heart|Black beanie|Pipe
Nerd Ape Dao #703|Pink|White|Rasta hawaii|Fasion|Fastfood|Candy
Nerd Ape Dao #704|Green mint|Light brown|Pink hoodie|Close|Cowboy hat|Cigar
Nerd Ape Dao #705|Red|White|Black hoodie|Faded|Rasta hat|Cigarette
Nerd Ape Dao #706|Yellow|Dark brown|Fastfood|Fasion|Blue cap|Gold Grillz
Nerd Ape Dao #707|Red|White|Black suit|Red Cat|Gold hair|Pipe
Nerd Ape Dao #708|Pink|Gray|Yellow shirt|Hearteye|Green beret|Gum
Nerd Ape Dao #709|Light purple|White|Tech jacket|Cyberpunk|Adventure hat|Close
Nerd Ape Dao #710|Red|Gray|Brown vest|Shy|Adventure hat|Tongue_out
Nerd Ape Dao #711|Blue|White|Black vest|Red Beam|Adventure hat|Pipe
Nerd Ape Dao #712|Blue|Cream|Stripedtee|Close|Gold hair|Grillz
Nerd Ape Dao #713|Pink|Gold|Pink hoodie|Wide_eyes|Rose headscarf|Open
Nerd Ape Dao #714|Green mint|Robot|Purple hoodie|Black Nerd|Blue cap|Smile
Nerd Ape Dao #715|Red|Light brown|Purple hoodie|Half Robot|Propeller cap|Grillz
Nerd Ape Dao #716|Light purple|White|Pink hoodie|Fasion|Demon horns|Grillz
Nerd Ape Dao #717|Blue|Cream|Black sleeveless|Cyberpunk|Green beret|Candy
Nerd Ape Dao #718|Red|Dark brown|Sheriff|Cyberpunk|Gold hair|Open
Nerd Ape Dao #719|Blue|Gray|Black hoodie|Square|Pink bucket|Pipe
Nerd Ape Dao #720|Red|Light brown|Tuxedo|Red Cat|White bucket hat|Sneaky
Nerd Ape Dao #721|Blue|Black|Black jacket|Close|Staw hat|Sneaky
Nerd Ape Dao #722|Pink|Black|Purple hoodie|Heart|Newsboy cap|Gum
Nerd Ape Dao #723|Yellow|Cream|Black turtleneck|Hearteye|Green beret|Sneaky
Nerd Ape Dao #724|Blue|Dark brown|Sheriff|Fasion|Green beanie|420
Nerd Ape Dao #725|Blue|Lav|Flower Hawaii|Half Robot|None|Mouchet
Nerd Ape Dao #726|Light purple|Tiger|Adventure|Rainbow|Adventure hat|Gum
Nerd Ape Dao #727|Beige|Robot|Hawaii|Square|Fastfood|Pipe
Nerd Ape Dao #728|Red|White|Black hoodie|3D|None|Burger
Nerd Ape Dao #729|Green mint|White|Purple hoodie|Solar_beam|White bucket hat|Cigar
Nerd Ape Dao #730|Green mint|Cream|Overalls|Round Glasses|Biker helmet|Mouchet
Nerd Ape Dao #731|Red|White|Yellow shirt|White Round|Propeller cap|Grin
Nerd Ape Dao #732|Beige|Red|Black leather|Cyberpunk|Demon horns|Gum
Nerd Ape Dao #733|Pink|Black|Black sleeveless|ETH|Demon horns|Grillz
Nerd Ape Dao #734|Light purple|Dark brown|Stripedtee|Heart|Blue cap|Grillz
Nerd Ape Dao #735|Light purple|Zombie|Black jacket|White Round|Black beanie|420
Nerd Ape Dao #736|Yellow|Dark brown|Red tee|Close|Black top hat|Cigarette
Nerd Ape Dao #737|Green mint|Robot|Green jacket|Round Glasses|Green beret|Cigar
Nerd Ape Dao #738|Pink|Dark brown|None|Glasses|Newsboy cap|Burger
Nerd Ape Dao #739|Red|Black|Black vest|Square|White bucket hat|Grin
Nerd Ape Dao #740|Beige|Black|Adventure|Red Cat|Gold hair|Mouchet
Nerd Ape Dao #741|Light purple|Gold|Overalls|Dizzy|Black top hat|Open
Nerd Ape Dao #742|Green mint|Black|None|Glasses|Pink beanie|Cigarette
Nerd Ape Dao #743|Pink|Dark brown|Black tee|3D|Staw hat|Sneaky
Nerd Ape Dao #744|Pink|Dark brown|White singlet|Close|None|Sneaky
Nerd Ape Dao #745|Blue|Cream|Silverchain|Red Cat|Rasta hat|Burger
Nerd Ape Dao #746|Blue|Tiger|Adventure|Rainbow|Rose headscarf|Cigar
Nerd Ape Dao #747|Pink|Gold|Pink fur|White Round|White bucket hat|Grin
Nerd Ape Dao #748|Green mint|Light brown|Lab|Dizzy|Blue cap|Pipe
Nerd Ape Dao #749|Yellow|Zombie|Tuxedo|Rainbow|White bucket hat|Smile
Nerd Ape Dao #750|Pink|Black|Red tee|Cyberpunk|Brown camping hat|Open
Nerd Ape Dao #751|Light purple|Red|Pink fur|Oval|Rose headscarf|Cigar
Nerd Ape Dao #752|Yellow|Water|Black sleeveless|Oval|Apple|Close
Nerd Ape Dao #753|Red|Light brown|Black vest|Solar_beam|Green beret|Gold Grillz
Nerd Ape Dao #754|Red|Pink|Dark blue suit|White Round|Green beret|Smile
Nerd Ape Dao #755|Beige|Cream|Adventure|Square|Biker helmet|Open
Nerd Ape Dao #756|Yellow|Gray|Black hoodie|Round Glasses|Black top hat|Grin
Nerd Ape Dao #757|Pink|Lav|Sheriff|Half Robot|Gold hair|Open
Nerd Ape Dao #758|Yellow|Robot|None|Faded|Apple|Pipe
Nerd Ape Dao #759|Pink|Cream|Yellow shirt|Oval|Adventure hat|Sneaky
Nerd Ape Dao #760|Light purple|Red|Brown vest|Solar_beam|Black beanie|Cigar
Nerd Ape Dao #761|Beige|Black|Overalls|Shy|Gold hair|Sneaky
Nerd Ape Dao #762|Yellow|Dark brown|Red tee|White Round|White bucket hat|Pipe
Nerd Ape Dao #763|Light purple|Cream|Black vest|Rainbow|Blue headscarf|Sneaky
Nerd Ape Dao #764|Yellow|Tiger|Overalls|Square|Demon horns|Grin
Nerd Ape Dao #765|Green mint|Black|Stripedtee|Square|Adventure hat|Tongue_out
Nerd Ape Dao #766|Beige|Pink|Red tee|Red Cat|Newsboy cap|Open
Nerd Ape Dao #767|Red|Cream|None|Gold|None|Mouchet
Nerd Ape Dao #768|Beige|White|Black tee|Round Glasses|Demon horns|Gold Grillz
Nerd Ape Dao #769|Red|Light brown|Green jacket|White Round|White bucket hat|Cigar
Nerd Ape Dao #770|Light purple|Lav|Adventure|Red|Gold hair|Open
Nerd Ape Dao #771|Green mint|Gray|Tuxedo|Glasses|Gold crown|Sneaky
Nerd Ape Dao #772|Yellow|Light brown|Black turtleneck|Faded|Biker helmet|Tongue_out
Nerd Ape Dao #773|Beige|Black|Black hoodie|Faded|Newsboy cap|Tongue_out
Nerd Ape Dao #774|Beige|Red|Rasta hawaii|Fasion|Gold hair|Cigar
Nerd Ape Dao #775|Beige|White|Black tee|Red Cat|Fastfood|Mouchet
Nerd Ape Dao #776|Red|Light brown|Brown vest|Sleepy|Rose headscarf|Grin
Nerd Ape Dao #777|Light purple|Water|Banana hawaii|Shy|Brown camping hat|Cigarette
Nerd Ape Dao #778|Blue|White|Purple hoodie|Glasses|White bucket hat|Gold Grillz
Nerd Ape Dao #779|Beige|Cream|Lab|Heart|Cowboy hat|Cigar
Nerd Ape Dao #780|Green mint|Light brown|Black leather|Fasion|Demon horns|Candy
Nerd Ape Dao #781|Beige|Dark brown|Tuxedo|Cyberpunk|Green beanie|Mouchet
Nerd Ape Dao #782|Pink|Gray|Black turtleneck|Heart|Black top hat|Cigarette
Nerd Ape Dao #783|Pink|White|None|Solar_beam|Propeller cap|Sneaky
Nerd Ape Dao #784|Yellow|Robot|Black turtleneck|Wide_eyes|Blue cap|Candy
Nerd Ape Dao #785|Pink|Water|White singlet|Oneeye|Demon horns|Mouchet
Nerd Ape Dao #786|Red|Water|Black tee|White Round|Blue cap|Gum
Nerd Ape Dao #787|Beige|Cream|Pink hoodie|Shy|Rasta hat|Gold Grillz
Nerd Ape Dao #788|Pink|Zombie|Silverchain|Glasses|Adventure hat|Cigar
Nerd Ape Dao #789|Green mint|Zombie|Brown vest|White Round|Blue cap|Close
Nerd Ape Dao #790|Pink|Tiger|None|Faded|Cowboy hat|Candy
Nerd Ape Dao #791|Pink|Black|None|Black Nerd|Adventure hat|Smile
Nerd Ape Dao #792|Red|Gold|Black vest|Fasion|Demon horns|Mouchet
Nerd Ape Dao #793|Light purple|Dark brown|Tuxedo|ETH|Newsboy cap|Cigar
Nerd Ape Dao #794|Red|Water|Pink fur|Square|Demon horns|Mouchet
Nerd Ape Dao #795|Red|Gold|Black sleeveless|Shy|Staw hat|Gum
Nerd Ape Dao #796|Light purple|Light brown|White singlet|Cyberpunk|Fastfood|Cigar
Nerd Ape Dao #797|Yellow|Pink|Goldchain|Heart|Pink beanie|Candy
Nerd Ape Dao #798|Green mint|Dark brown|Silverchain|White Round|Rose headscarf|Pipe
Nerd Ape Dao #799|Red|Black|Adventure|Oval|Rose headscarf|420
Nerd Ape Dao #800|Light purple|Water|Pink fur|Fasion|Green beret|Pipe
Nerd Ape Dao #801|Blue|Dark brown|Red tee|Shy|Adventure hat|Close
Nerd Ape Dao #802|Pink|Robot|White singlet|Dizzy|Gold crown|Gold Grillz
Nerd Ape Dao #803|Beige|Zombie|Black vest|Fasion|Fastfood|Mouchet
Nerd Ape Dao #804|Yellow|Cream|Blue vest|Red|Brown camping hat|Candy
Nerd Ape Dao #805|Light purple|Zombie|White singlet|Dizzy|Gold hair|Gold Grillz
Nerd Ape Dao #806|Pink|Black|Fastfood|Red Cat|Newsboy cap|Pipe
Nerd Ape Dao #807|Light purple|Gold|Hawaii|Red|Newsboy cap|Gold Grillz
Nerd Ape Dao #808|Yellow|Gray|Brown vest|Cyberpunk|Gold hair|Gum
Nerd Ape Dao #809|Light purple|Light brown|Red tee|Demon|Newsboy cap|Cigarette
Nerd Ape Dao #810|Blue|Lav|Black jacket|Round Glasses|Black top hat|Candy
Nerd Ape Dao #811|Pink|Light brown|Blue vest|Shy|Adventure hat|Grillz
Nerd Ape Dao #812|Blue|Red|Black turtleneck|Rainbow|Staw hat|Sneaky
Nerd Ape Dao #813|Green mint|Cream|Flower Hawaii|Dizzy|Green beanie|Close
Nerd Ape Dao #814|Light purple|Pink|Dark blue suit|Black Nerd|Green beanie|Cigar
Nerd Ape Dao #815|Light purple|Zombie|Black suit|Hearteye|Fastfood|Open
Nerd Ape Dao #816|Yellow|Gray|Fastfood|ETH|Propeller cap|Cigar
Nerd Ape Dao #817|Red|Lav|Brown vest|Oneeye|Green beanie|Mouchet
Nerd Ape Dao #818|Blue|Lav|Pink fur|Fasion|Rasta hat|Tongue_out
Nerd Ape Dao #819|Pink|Cream|Hawaii|Black Nerd|Pirate hat|Tongue_out
Nerd Ape Dao #820|Red|Lav|Green jacket|Glasses|Green beret|Cigarette
Nerd Ape Dao #821|Red|Water|Blue vest|ETH|Pirate hat|Close
Nerd Ape Dao #822|Light purple|Light brown|Overalls|X|Red bob|Pipe
Nerd Ape Dao #823|Light purple|Light brown|Fastfood|Red Cat|Adventure hat|Pipe
Nerd Ape Dao #824|Pink|Pink|Judo|Shy|Cowboy hat|Smile
Nerd Ape Dao #825|Beige|Cream|Silverchain|Close|Fastfood|Grillz
Nerd Ape Dao #826|Red|Dark brown|Pirate|Black Nerd|Black beanie|Grin
Nerd Ape Dao #827|Green mint|Red|Sheriff|Heart|Cowboy hat|Open
Nerd Ape Dao #828|Pink|Light brown|White singlet|X|Blue headscarf|Candy
Nerd Ape Dao #829|Green mint|Red|Banana hawaii|Wide_eyes|Black top hat|Smile
Nerd Ape Dao #830|Blue|Water|Hawaii|Hearteye|Rasta hat|Candy
Nerd Ape Dao #831|Yellow|Black|Tuxedo|Cyberpunk|None|Cigar
Nerd Ape Dao #832|Blue|White|Goldchain|Demon|Black beanie|Gold Grillz
Nerd Ape Dao #833|Blue|Red|Brown vest|Wide_eyes|Green beret|Pipe
Nerd Ape Dao #834|Blue|Gray|Pink fur|Angry|Cowboy hat|Close
Nerd Ape Dao #835|Blue|Gray|Black leather|Round Glasses|Black top hat|Smile
Nerd Ape Dao #836|Beige|Water|Adventure|Hearteye|Blue cap|Cigar
Nerd Ape Dao #837|Red|Pink|Silverchain|ETH|Pirate hat|Gum
Nerd Ape Dao #838|Beige|Red|Fastfood|Heart|Biker helmet|Mouchet
Nerd Ape Dao #839|Pink|White|Silverchain|Shy|Black beanie|Grin
Nerd Ape Dao #840|Yellow|Pink|Judo|White Round|Newsboy cap|Grin
Nerd Ape Dao #841|Light purple|Tiger|Sheriff|Shy|Gold crown|Cigarette
Nerd Ape Dao #842|Beige|Light brown|Red tee|Oval|Pirate hat|Cigar
Nerd Ape Dao #843|Pink|Robot|Flower Hawaii|Cyberpunk|Gold hair|Gum
Nerd Ape Dao #844|Light purple|Light brown|Green jacket|Eyepatch|Black top hat|Candy
Nerd Ape Dao #845|Blue|Tiger|Stripedtee|Sleepy|Pink bucket|Grin
Nerd Ape Dao #846|Green mint|Zombie|Dark blue suit|X|Black top hat|Close
Nerd Ape Dao #847|Red|Tiger|Red singlet|Glasses|Brown camping hat|Cigar
Nerd Ape Dao #848|Blue|Robot|Black vest|Dizzy|Green beanie|Sneaky
Nerd Ape Dao #849|Green mint|Red|Fastfood|Glasses|Blue cap|Cigar
Nerd Ape Dao #850|Green mint|Cream|Tech jacket|Angry|Staw hat|Grillz
Nerd Ape Dao #851|Green mint|Pink|None|Round Glasses|Gold hair|Sneaky
Nerd Ape Dao #852|Pink|Zombie|Brown coat|Oneeye|Blue cap|Cigar
Nerd Ape Dao #853|Blue|Dark brown|Stripedtee|Half Robot|Adventure hat|Candy
Nerd Ape Dao #854|Green mint|Red|Red tee|Glasses|Black top hat|Smile
Nerd Ape Dao #855|Green mint|Water|Fastfood|ETH|White bucket hat|Sneaky
Nerd Ape Dao #856|Light purple|Black|Stripedtee|Hearteye|Cowboy hat|Close
Nerd Ape Dao #857|Blue|Water|Black leather|Close|Black top hat|Gum
Nerd Ape Dao #858|Blue|Dark brown|Rasta hawaii|Glasses|Gold crown|420
Nerd Ape Dao #859|Yellow|Black|Silverchain|Fasion|Black beanie|Close
Nerd Ape Dao #860|Yellow|Dark brown|Blue vest|Shy|Cowboy hat|Mouchet
Nerd Ape Dao #861|Pink|Tiger|Adventure|Round Glasses|Pink beanie|Open
Nerd Ape Dao #862|Beige|White|Pink hoodie|White Round|Propeller cap|Open
Nerd Ape Dao #863|Red|Black|Adventure|Sleepy|Adventure hat|Tongue_out
Nerd Ape Dao #864|Green mint|Red|Brown coat|Sleepy|Gold hair|Grillz
Nerd Ape Dao #865|Light purple|White|Overalls|Close|Pirate hat|Smile
Nerd Ape Dao #866|Yellow|Cream|Black sleeveless|Fasion|Blue cap|Burger
Nerd Ape Dao #867|Beige|Tiger|White singlet|Sleepy|Biker helmet|Candy
Nerd Ape Dao #868|Blue|Red|White singlet|Oval|Green beanie|Cigarette
Nerd Ape Dao #869|Beige|Tiger|Banana hawaii|Dizzy|Propeller cap|Gold Grillz
Nerd Ape Dao #870|Red|Gold|Black suit|Sleepy|Pink beanie|Candy
Nerd Ape Dao #871|Pink|Tiger|Blue vest|Oval|Staw hat|420
Nerd Ape Dao #872|Beige|Lav|Lab|Hearteye|Green beanie|Open
Nerd Ape Dao #873|Green mint|Dark brown|Brown vest|Red Cat|Adventure hat|Smile
Nerd Ape Dao #874|Red|Lav|Tech jacket|Fasion|Pink bucket|Gum
Nerd Ape Dao #875|Light purple|Light brown|Pink fur|Round Glasses|White bucket hat|Gum
Nerd Ape Dao #876|Green mint|Gray|Black jacket|Demon|Gold crown|Mouchet
Nerd Ape Dao #877|Light purple|Cream|Pink hoodie|Half Robot|Green beret|Burger
Nerd Ape Dao #878|Blue|Gray|Brown jacket|Wide_eyes|Newsboy cap|Smile
Nerd Ape Dao #879|Beige|Pink|Brown coat|ETH|Apple|Gum
Nerd Ape Dao #880|Yellow|Black|Blue vest|Wide_eyes|Red bob|420
Nerd Ape Dao #881|Yellow|White|Pink hoodie|Glasses|Pink beanie|Gold Grillz
Nerd Ape Dao #882|Pink|Dark brown|White fur|Fasion|Adventure hat|Grin
Nerd Ape Dao #883|Light purple|Pink|Rasta hawaii|Fasion|Black beanie|Mouchet
Nerd Ape Dao #884|Red|Robot|Flower Hawaii|Faded|Demon horns|Mouchet
Nerd Ape Dao #885|Pink|Pink|Black turtleneck|Demon|Staw hat|Gold Grillz
Nerd Ape Dao #886|Pink|Lav|Stripedtee|Demon|Apple|Pipe
Nerd Ape Dao #887|Blue|Red|Goldchain|Cyberpunk|Pink beanie|Close
Nerd Ape Dao #888|Gray|Cream|Pink fur|Wide_eyes|None|Tongue_out
Nerd Ape Dao #889|Light purple|Pink|Black turtleneck|Gold|Blue cap|Open
Nerd Ape Dao #890|Red|Lav|Black leather|Round Glasses|Adventure hat|Grin
Nerd Ape Dao #891|Beige|Gray|Black tee|Red Cat|Black top hat|Cigar
Nerd Ape Dao #892|ultimate rare
Nerd Ape Dao #893|Yellow|Lav|Rasta hawaii|Eyepatch|Biker helmet|Open
Nerd Ape Dao #894|Green mint|Light brown|Adventure|Cyberpunk|Adventure hat|Sneaky
Nerd Ape Dao #895|Green mint|Zombie|None|Fasion|Green beanie|Smile
Nerd Ape Dao #896|Beige|Robot|Silverchain|Dizzy|Black beanie|Gum
Nerd Ape Dao #897|Beige|Robot|Brown jacket|3D|Gold hair|Burger
Nerd Ape Dao #898|Green mint|Dark brown|Tuxedo|Red|Green beanie|420
Nerd Ape Dao #899|Light purple|Pink|Rasta hawaii|Wide_eyes|Propeller cap|Grin
Nerd Ape Dao #900|Pink|Light brown|Banana hawaii|Square|Rose headscarf|Grin
Nerd Ape Dao #901|Yellow|Cream|Black turtleneck|White Round|Apple|Gold Grillz
Nerd Ape Dao #902|Red|Water|Black hoodie|Oneeye|Rasta hat|Cigar
Nerd Ape Dao #903|Green mint|Light brown|Black suit|Shy|Pink bucket|420
Nerd Ape Dao #904|Light purple|Zombie|Yellow shirt|Dizzy|Black beanie|Sneaky
Nerd Ape Dao #905|Green mint|Black|Brown jacket|ETH|Pink bucket|Open
Nerd Ape Dao #906|Beige|Zombie|Tech jacket|Oneeye|Cowboy hat|Close
Nerd Ape Dao #907|Light purple|Tiger|Flower Hawaii|White Round|Gold crown|Candy
Nerd Ape Dao #908|Yellow|Water|Dark blue suit|ETH|Apple|Tongue_out
Nerd Ape Dao #909|Green mint|Light brown|Silverchain|Heart|Pink beanie|420
Nerd Ape Dao #910|Green mint|Pink|Red singlet|Wide_eyes|Cowboy hat|Sneaky
Nerd Ape Dao #911|Pink|Cream|Adventure|ETH|Staw hat|Grin
Nerd Ape Dao #912|Beige|Light brown|Purple hoodie|Sleepy|Staw hat|Mouchet
Nerd Ape Dao #913|Green mint|Pink|Pirate|Glasses|Cowboy hat|Cigarette
Nerd Ape Dao #914|Yellow|Robot|Sheriff|3D|White bucket hat|Grin
Nerd Ape Dao #915|Light green|Robot|Red tee|Glasses|Propeller cap|Candy
Nerd Ape Dao #916|Yellow|Pink|Green jacket|3D|Biker helmet|Cigarette
Nerd Ape Dao #917|Red|Black|Silverchain|Oneeye|Blue headscarf|Candy
Nerd Ape Dao #918|Green mint|Zombie|Brown jacket|X|Propeller cap|Burger
Nerd Ape Dao #919|Pink|White|Green jacket|Half Robot|Blue cap|Smile
Nerd Ape Dao #920|Blue|Cream|Tech jacket|Oneeye|Gold hair|Cigarette
Nerd Ape Dao #921|Light purple|Zombie|Black vest|ETH|Black top hat|420
Nerd Ape Dao #922|Pink|Dark brown|Black vest|Fasion|Rasta hat|Cigarette
Nerd Ape Dao #923|Yellow|Cream|White shirt ribbon|Close|Fastfood|Grin
Nerd Ape Dao #924|Light purple|Red|White singlet|Hearteye|Rose headscarf|Close
Nerd Ape Dao #925|Red|Dark brown|Black turtleneck|Eyepatch|Pink bucket|Gum
Nerd Ape Dao #926|Yellow|Gray|Black hoodie|Red Cat|Newsboy cap|Pipe
Nerd Ape Dao #927|Yellow|Light brown|Black hoodie|Eyepatch|Demon horns|Cigarette
Nerd Ape Dao #928|Blue|Black|Pink fur|Cyberpunk|Staw hat|Gum
Nerd Ape Dao #929|Green mint|Black|Brown coat|Solar_beam|Staw hat|Pipe
Nerd Ape Dao #930|Blue|Gold|White fur|X|Pink beanie|Cigarette
Nerd Ape Dao #931|Red|Lav|Black vest|Sleepy|Apple|Sneaky
Nerd Ape Dao #932|Light purple|Zombie|White singlet|Eyepatch|Red bob|Sneaky
Nerd Ape Dao #933|Blue|Water|Pirate|Cyberpunk|Propeller cap|Grin
Nerd Ape Dao #934|Beige|Cream|Black leather|Hearteye|Green beanie|420
Nerd Ape Dao #935|Green mint|Gold|Black hoodie|Demon|Green beanie|Candy
Nerd Ape Dao #936|Blue|Robot|Black hoodie|Demon|Black top hat|Mouchet
Nerd Ape Dao #937|Blue|Black|Fastfood|X|Rasta hat|Cigarette
Nerd Ape Dao #938|Yellow|Tiger|White fur|Red Cat|Pink beanie|Tongue_out
Nerd Ape Dao #939|Green mint|Gray|Yellow shirt|Fasion|Fastfood|Burger
Nerd Ape Dao #940|Red|White|Pink fur|ETH|Pink bucket|Sneaky
Nerd Ape Dao #941|Yellow|Pink|Tech jacket|Glasses|Adventure hat|Grin
Nerd Ape Dao #942|Blue|Tiger|Green jacket|Cyberpunk|White bucket hat|Gold Grillz
Nerd Ape Dao #943|Beige|White|Rasta hawaii|Gold|Green beanie|Tongue_out
Nerd Ape Dao #944|Yellow|Black|Black jacket|X|Green beret|Grillz
Nerd Ape Dao #945|Light purple|Red|Black leather|Sleepy|Pink beanie|Mouchet
Nerd Ape Dao #946|Red|Gray|Black sleeveless|Square|Blue cap|Mouchet
Nerd Ape Dao #947|Yellow|Pink|Black tee|Close|Black beanie|Tongue_out
Nerd Ape Dao #948|Beige|Red|Black sleeveless|Shy|Propeller cap|Sneaky
Nerd Ape Dao #949|Green mint|Tiger|Stripedtee|Faded|Adventure hat|Grin
Nerd Ape Dao #950|Yellow|Red|Brown vest|Sleepy|Pink bucket|Smile
Nerd Ape Dao #951|Yellow|Gray|Rasta hawaii|Wide_eyes|Staw hat|Sneaky
Nerd Ape Dao #952|Blue|Pink|White fur|Wide_eyes|Blue headscarf|Open
Nerd Ape Dao #953|Yellow|Light brown|Green jacket|Sleepy|Rasta hat|Grin
Nerd Ape Dao #954|Light purple|Cream|Brown vest|Oval|Black beanie|Open
Nerd Ape Dao #955|Red|Black|None|Cyberpunk|Black top hat|Cigar
Nerd Ape Dao #956|Beige|Cream|Red singlet|Square|Blue cap|Burger
Nerd Ape Dao #957|Green mint|Cream|Black leather|Black Nerd|Fastfood|Cigarette
Nerd Ape Dao #958|Beige|Lav|Green jacket|Fasion|Pink beanie|Open
Nerd Ape Dao #959|Green mint|Tiger|Dark blue suit|Square|Propeller cap|Gum
Nerd Ape Dao #960|Yellow|Gold|White shirt ribbon|Demon|White bucket hat|Smile
Nerd Ape Dao #961|Yellow|Pink|Black vest|White Round|Propeller cap|Open
Nerd Ape Dao #962|Red|Black|Adventure|Oneeye|Cowboy hat|Close
Nerd Ape Dao #963|Beige|Gray|Black hoodie|Black Nerd|Green beanie|Mouchet
Nerd Ape Dao #964|Pink|Robot|Flower Hawaii|Oneeye|Blue cap|Burger
Nerd Ape Dao #965|Pink|Black|Tech jacket|Black Nerd|White bucket hat|Candy
Nerd Ape Dao #966|Green mint|Gray|None|Faded|Fastfood|Tongue_out
Nerd Ape Dao #967|Light purple|White|Dark blue suit|Dizzy|Rasta hat|Sneaky
Nerd Ape Dao #968|Green mint|Gray|Tuxedo|Sleepy|Black beanie|Burger
Nerd Ape Dao #969|Pink|Gray|Blue vest|ETH|Propeller cap|Pipe
Nerd Ape Dao #970|Blue|Lav|Brown coat|Oval|Black top hat|Cigarette
Nerd Ape Dao #971|Gray|Cream|Brown jacket|Angry|White bucket hat|Smile
Nerd Ape Dao #972|Pink|Red|Pink fur|Angry|Adventure hat|Tongue_out
Nerd Ape Dao #973|Green mint|Pink|Black tee|Cyberpunk|Black beanie|Cigar
Nerd Ape Dao #974|Green mint|Water|Brown jacket|Gold|Pirate hat|Gold Grillz
Nerd Ape Dao #975|Beige|Dark brown|Adventure|Fasion|Black top hat|Candy
Nerd Ape Dao #976|Blue|Cream|White fur|X|White bucket hat|Tongue_out
Nerd Ape Dao #977|Green mint|White|Hawaii|Red|Demon horns|Candy
Nerd Ape Dao #978|Beige|Dark brown|None|X|None|Pipe
Nerd Ape Dao #979|Green mint|Tiger|Black leather|Square|Black beanie|Open
Nerd Ape Dao #980|Blue|Pink|Green jacket|ETH|Rose headscarf|Grillz
Nerd Ape Dao #981|Blue|Zombie|Yellow shirt|Sleepy|Green beanie|Cigar
Nerd Ape Dao #982|Beige|Gray|Black sleeveless|Glasses|Newsboy cap|Candy
Nerd Ape Dao #983|Blue|Red|Black vest|Angry|Adventure hat|Cigar
Nerd Ape Dao #984|Beige|Black|Brown coat|Shy|White bucket hat|Pipe
Nerd Ape Dao #985|Beige|Black|Black jacket|Wide_eyes|Demon horns|Grillz
Nerd Ape Dao #986|Beige|Gray|Hawaii|Wide_eyes|Adventure hat|Gum
Nerd Ape Dao #987|Red|Red|Silverchain|Fasion|Green beanie|Tongue_out
Nerd Ape Dao #988|Pink|Tiger|Brown vest|Round Glasses|Fastfood|Mouchet
Nerd Ape Dao #989|Blue|Gray|Pirate|3D|White bucket hat|Cigarette
Nerd Ape Dao #990|Yellow|Zombie|Flower Hawaii|Wide_eyes|Pink bucket|Cigarette
Nerd Ape Dao #991|Beige|Pink|Blue vest|Angry|Pink beanie|Burger
Nerd Ape Dao #992|Pink|Lav|White shirt ribbon|Eyepatch|Green beret|Tongue_out
Nerd Ape Dao #993|Blue|Gold|Dark blue suit|Rainbow|Pink bucket|Gum
Nerd Ape Dao #994|Red|Zombie|Brown vest|Dizzy|Black top hat|Cigarette
Nerd Ape Dao #995|Green mint|Cream|Flower Hawaii|Red Beam|Rose headscarf|Sneaky
Nerd Ape Dao #996|Blue|Cream|Sheriff|Angry|Newsboy cap|420
Nerd Ape Dao #997|Blue|Black|Pink hoodie|Glasses|Apple|Grin
Nerd Ape Dao #998|Green mint|Red|Red tee|Shy|Propeller cap|Pipe
Nerd Ape Dao #999|Pink|Robot|Flower Hawaii|Glasses|Pink bucket|Smile
Nerd Ape Dao #1000|Pink|Black|Silverchain|Eyepatch|Pink bucket|Mouchet
Nerd Ape Dao #1001|Light purple|Red|Tuxedo|3D|Black beanie|Sneaky
Nerd Ape Dao #1002|Beige|Water|White singlet|Faded|Pink beanie|Gum
Nerd Ape Dao #1003|Blue|White|Tech jacket|Black Nerd|Pink bucket|Mouchet
Nerd Ape Dao #1004|Green mint|Pink|White fur|Hearteye|Demon horns|Grillz
Nerd Ape Dao #1005|Light purple|Red|Sheriff|Solar_beam|Fastfood|420
Nerd Ape Dao #1006|Red|Gold|Black tee|Hearteye|Biker helmet|Grin
Nerd Ape Dao #1007|Red|Water|White singlet|Heart|Adventure hat|Pipe
Nerd Ape Dao #1008|Light purple|Tiger|Stripedtee|Red|Green beanie|Open
Nerd Ape Dao #1009|Red|Tiger|Black suit|Sleepy|Staw hat|Grin
Nerd Ape Dao #1010|Red|Cream|Tuxedo|Faded|Pink beanie|Grillz
Nerd Ape Dao #1011|Yellow|Cream|Flower Hawaii|Solar_beam|Green beret|Cigar
Nerd Ape Dao #1012|Beige|Tiger|Black sleeveless|Hearteye|Blue headscarf|Burger
Nerd Ape Dao #1013|Pink|Dark brown|Black jacket|ETH|Apple|Pipe
Nerd Ape Dao #1014|Blue|Cream|Brown jacket|Square|Gold crown|Cigar
Nerd Ape Dao #1015|Red|Tiger|Adventure|Half Robot|Pirate hat|Cigarette
Nerd Ape Dao #1016|Pink|Pink|Sheriff|Heart|Blue headscarf|420
Nerd Ape Dao #1017|Light purple|Robot|Black hoodie|Demon|Black beanie|Mouchet
Nerd Ape Dao #1018|Pink|Water|None|Dizzy|None|Sneaky
Nerd Ape Dao #1019|Blue|Gray|Overalls|ETH|Gold hair|420
Nerd Ape Dao #1021|Red|Water|Rasta hawaii|Round Glasses|Rose headscarf|Sneaky
Nerd Ape Dao #1022|Pink|Tiger|Pirate|Close|White bucket hat|Mouchet
Nerd Ape Dao #1023|Blue|Gray|Judo|Oneeye|Apple|Grin
Nerd Ape Dao #1024|Pink|Black|Black tee|Eyepatch|Pink bucket|Burger
Nerd Ape Dao #1025|Red|Dark brown|Black suit|Dizzy|White bucket hat|Gum
Nerd Ape Dao #1026|Red|Lav|Black tee|Fasion|Biker helmet|Pipe
Nerd Ape Dao #1027|Light purple|Red|Fastfood|3D|Black top hat|Grillz
Nerd Ape Dao #1028|Red|Gray|White shirt ribbon|Demon|Black beanie|Pipe
Nerd Ape Dao #1029|Blue|Zombie|Black tee|Square|Green beret|Gold Grillz
Nerd Ape Dao #1030|Red|Black|Lab|Dizzy|Newsboy cap|Smile
Nerd Ape Dao #1031|Red|Dark brown|Banana hawaii|Black Nerd|Green beret|Sneaky
Nerd Ape Dao #1032|Yellow|Light brown|White fur|Oneeye|Black beanie|Sneaky
Nerd Ape Dao #1033|Red|Robot|Pink fur|ETH|Staw hat|Mouchet
Nerd Ape Dao #1034|Pink|Light brown|Pirate|Cyberpunk|Green beret|Tongue_out
Nerd Ape Dao #1035|Beige|Light brown|Judo|Red|Adventure hat|Cigar
Nerd Ape Dao #1036|Red|Cream|Dark blue suit|Red Cat|Staw hat|Open
Nerd Ape Dao #1037|Pink|Cream|Tuxedo|Round Glasses|Blue cap|Mouchet
Nerd Ape Dao #1038|Blue|Robot|Blue vest|Close|Gold hair|420
Nerd Ape Dao #1039|Red|Tiger|Black leather|X|White bucket hat|420
Nerd Ape Dao #1040|Beige|Red|White singlet|Eyepatch|Gold hair|Mouchet
Nerd Ape Dao #1041|Beige|Light brown|Blue vest|Red|Fastfood|Tongue_out
Nerd Ape Dao #1042|Blue|Robot|Black leather|Angry|Red bob|Grin
Nerd Ape Dao #1043|Green mint|Black|Tuxedo|Heart|Propeller cap|Cigar
Nerd Ape Dao #1044|Blue|Tiger|Black tee|Faded|Green beanie|Gum
Nerd Ape Dao #1045|Beige|Zombie|Hawaii|Square|Green beret|Grillz
Nerd Ape Dao #1046|Yellow|Cream|Adventure|Gold|Newsboy cap|Smile
Nerd Ape Dao #1047|Yellow|Light brown|Black hoodie|Square|Green beanie|420
Nerd Ape Dao #1048|Green mint|Tiger|White shirt ribbon|Oneeye|Pirate hat|Candy
Nerd Ape Dao #1049|Light purple|Light brown|White singlet|Oval|Cowboy hat|Grillz
Nerd Ape Dao #1050|Light purple|Light brown|Black sleeveless|Black Nerd|Fastfood|Gum
Nerd Ape Dao #1051|Beige|White|Blue vest|Wide_eyes|Demon horns|Smile
Nerd Ape Dao #1052|Pink|White|Black vest|Fasion|Black top hat|Open
Nerd Ape Dao #1053|Pink|Black|Black jacket|Sleepy|Apple|Cigarette
Nerd Ape Dao #1054|Blue|Black|Pink fur|Demon|Propeller cap|Tongue_out
Nerd Ape Dao #1055|Beige|Robot|Pirate|Red|Apple|Sneaky
Nerd Ape Dao #1056|Blue|Gold|Black vest|Heart|Red bob|Close
Nerd Ape Dao #1057|Blue|Zombie|Tuxedo|Dizzy|Rose headscarf|Grin
Nerd Ape Dao #1058|Blue|Red|Tuxedo|Demon|Black top hat|Burger
Nerd Ape Dao #1059|Pink|Dark brown|Black tee|Wide_eyes|White bucket hat|Tongue_out
Nerd Ape Dao #1060|Red|Dark brown|Brown coat|Close|Blue cap|Tongue_out
Nerd Ape Dao #1061|Yellow|Red|Pirate|Cyberpunk|Pirate hat|Mouchet
Nerd Ape Dao #1062|Green mint|Black|Judo|Half Robot|Apple|420
Nerd Ape Dao #1063|Blue|Cream|Blue vest|Heart|Cowboy hat|Grillz
Nerd Ape Dao #1064|Beige|Zombie|Stripedtee|Wide_eyes|Propeller cap|Cigar
Nerd Ape Dao #1065|Pink|Gold|Black leather|Cyberpunk|Blue cap|Sneaky
Nerd Ape Dao #1066|Blue|Cream|Red tee|Oneeye|Blue headscarf|Grin
Nerd Ape Dao #1067|Beige|Water|Black jacket|Red|Newsboy cap|Burger
Nerd Ape Dao #1068|Green mint|Black|Judo|ETH|Blue headscarf|Gold Grillz
Nerd Ape Dao #1069|Yellow|Tiger|Overalls|Black Nerd|Fastfood|Mouchet
Nerd Ape Dao #1070|Light purple|Water|Black jacket|Fasion|Cowboy hat|Cigar
Nerd Ape Dao #1071|Green mint|Lav|Black turtleneck|3D|Black top hat|Tongue_out
Nerd Ape Dao #1072|Yellow|Tiger|Purple hoodie|Red|Gold hair|Cigar
Nerd Ape Dao #1073|Pink|White|Black suit|Angry|White bucket hat|Burger
Nerd Ape Dao #1074|Light purple|Gold|Red tee|Demon|Cowboy hat|Cigarette
Nerd Ape Dao #1075|Light purple|Robot|Purple hoodie|Hearteye|Rose headscarf|Tongue_out
Nerd Ape Dao #1076|Green mint|Water|Black leather|Round Glasses|Newsboy cap|Cigar
Nerd Ape Dao #1077|Pink|Cream|Tech jacket|Rainbow|Pink bucket|Close
Nerd Ape Dao #1078|Pink|Lav|None|Square|Green beanie|Close
Nerd Ape Dao #1079|Pink|Black|Lab|Cyberpunk|Rasta hat|Smile
Nerd Ape Dao #1080|Pink|Cream|Brown coat|Oneeye|Demon horns|Open
Nerd Ape Dao #1081|Light green|White|Pink fur|Black Nerd|Staw hat|Smile
Nerd Ape Dao #1082|unreveal
Nerd Ape Dao #1083|unreveal
Nerd Ape Dao #1084|unreveal
Nerd Ape Dao #1085|unreveal
Nerd Ape Dao #1086|unreveal
Nerd Ape Dao #1087|unreveal
Nerd Ape Dao #1088|unreveal
Nerd Ape Dao #1089|unreveal
Nerd Ape Dao #1090|unreveal
Nerd Ape Dao #1091|unreveal
Nerd Ape Dao #1092|unreveal
Nerd Ape Dao #1093|unreveal
Nerd Ape Dao #1094|unreveal
Nerd Ape Dao #1095|unreveal
Nerd Ape Dao #1096|unreveal
Nerd Ape Dao #1097|unreveal
Nerd Ape Dao #1098|unreveal
Nerd Ape Dao #1099|unreveal
Nerd Ape Dao #1100|unreveal
Nerd Ape Dao #1101|unreveal
Nerd Ape Dao #1102|unreveal
Nerd Ape Dao #1103|unreveal
Nerd Ape Dao #1104|unreveal
Nerd Ape Dao #1105|unreveal
Nerd Ape Dao #1106|unreveal
Nerd Ape Dao #1107|unreveal
Nerd Ape Dao #1108|unreveal
Nerd Ape Dao #1109|unreveal
Nerd Ape Dao #1110|unreveal
Nerd Ape Dao #1111|unreveal
Nerd Ape Dao #1112|unreveal
Nerd Ape Dao #1113|unreveal
Nerd Ape Dao #1114|unreveal
Nerd Ape Dao #1115|unreveal
Nerd Ape Dao #1116|unreveal
Nerd Ape Dao #1117|unreveal
Nerd Ape Dao #1118|unreveal
Nerd Ape Dao #1119|unreveal
Nerd Ape Dao #1120|unreveal
Nerd Ape Dao #1121|unreveal
Nerd Ape Dao #1122|unreveal
Nerd Ape Dao #1123|unreveal
Nerd Ape Dao #1124|unreveal
Nerd Ape Dao #1125|unreveal
Nerd Ape Dao #1126|unreveal
Nerd Ape Dao #1127|unreveal
Nerd Ape Dao #1128|unreveal
Nerd Ape Dao #1129|unreveal
Nerd Ape Dao #1130|unreveal
Nerd Ape Dao #1131|unreveal
Nerd Ape Dao #1132|unreveal
Nerd Ape Dao #1133|unreveal
Nerd Ape Dao #1134|unreveal
Nerd Ape Dao #1135|unreveal
Nerd Ape Dao #1136|unreveal
Nerd Ape Dao #1137|unreveal
Nerd Ape Dao #1138|unreveal
Nerd Ape Dao #1139|unreveal
Nerd Ape Dao #1140|unreveal
Nerd Ape Dao #1141|unreveal
Nerd Ape Dao #1142|unreveal
Nerd Ape Dao #1143|unreveal
Nerd Ape Dao #1144|unreveal
Nerd Ape Dao #1145|unreveal
Nerd Ape Dao #1146|unreveal
Nerd Ape Dao #1147|unreveal
Nerd Ape Dao #1148|unreveal
Nerd Ape Dao #1149|unreveal
Nerd Ape Dao #1150|unreveal
Nerd Ape Dao #1151|unreveal
Nerd Ape Dao #1152|unreveal
Nerd Ape Dao #1153|unreveal
Nerd Ape Dao #1154|unreveal
Nerd Ape Dao #1155|unreveal
Nerd Ape Dao #1156|unreveal
Nerd Ape Dao #1157|unreveal
Nerd Ape Dao #1158|unreveal
Nerd Ape Dao #1159|unreveal
Nerd Ape Dao #1160|unreveal
Nerd Ape Dao #1161|unreveal
Nerd Ape Dao #1162|unreveal
Nerd Ape Dao #1163|unreveal
Nerd Ape Dao #1164|unreveal
Nerd Ape Dao #1165|unreveal
Nerd Ape Dao #1166|unreveal
Nerd Ape Dao #1167|unreveal
Nerd Ape Dao #1168|unreveal
Nerd Ape Dao #1169|unreveal
Nerd Ape Dao #1170|unreveal
Nerd Ape Dao #1171|unreveal
Nerd Ape Dao #1172|unreveal
Nerd Ape Dao #1173|unreveal
Nerd Ape Dao #1174|unreveal
Nerd Ape Dao #1175|unreveal
Nerd Ape Dao #1176|unreveal
Nerd Ape Dao #1177|unreveal
Nerd Ape Dao #1178|unreveal
Nerd Ape Dao #1179|unreveal
Nerd Ape Dao #1180|unreveal
Nerd Ape Dao #1181|unreveal
Nerd Ape Dao #1182|unreveal
Nerd Ape Dao #1183|unreveal
Nerd Ape Dao #1184|unreveal
Nerd Ape Dao #1185|unreveal
Nerd Ape Dao #1186|unreveal
Nerd Ape Dao #1187|unreveal
Nerd Ape Dao #1188|unreveal
Nerd Ape Dao #1189|unreveal
Nerd Ape Dao #1190|unreveal
Nerd Ape Dao #1191|unreveal
Nerd Ape Dao #1192|unreveal
Nerd Ape Dao #1193|unreveal
Nerd Ape Dao #1194|unreveal
Nerd Ape Dao #1195|unreveal
Nerd Ape Dao #1196|unreveal
Nerd Ape Dao #1197|unreveal
Nerd Ape Dao #1198|unreveal
Nerd Ape Dao #1199|unreveal
Nerd Ape Dao #1200|unreveal
